[
{
    "model": "blog.blogpagetag",
    "pk": 1,
    "fields": {
        "tag": 1,
        "content_object": 8
    }
},
{
    "model": "blog.blogpagetag",
    "pk": 2,
    "fields": {
        "tag": 2,
        "content_object": 8
    }
},
{
    "model": "blog.blogpagetag",
    "pk": 3,
    "fields": {
        "tag": 3,
        "content_object": 8
    }
},
{
    "model": "blog.blogpagetag",
    "pk": 4,
    "fields": {
        "tag": 2,
        "content_object": 10
    }
},
{
    "model": "blog.blogpagegalleryimage",
    "pk": 1,
    "fields": {
        "sort_order": 0,
        "page": 8,
        "image": 1,
        "caption": ""
    }
},
{
    "model": "blog.blogpagegalleryimage",
    "pk": 2,
    "fields": {
        "sort_order": 1,
        "page": 8,
        "image": 2,
        "caption": ""
    }
},
{
    "model": "blog.blogpagegalleryimage",
    "pk": 3,
    "fields": {
        "sort_order": 0,
        "page": 10,
        "image": 3,
        "caption": ""
    }
},
{
    "model": "blog.blogpagegalleryimage",
    "pk": 4,
    "fields": {
        "sort_order": 1,
        "page": 10,
        "image": 4,
        "caption": ""
    }
},
{
    "model": "blog.blogpagegalleryimage",
    "pk": 5,
    "fields": {
        "sort_order": 0,
        "page": 11,
        "image": 5,
        "caption": ""
    }
},
{
    "model": "blog.blogpagegalleryimage",
    "pk": 6,
    "fields": {
        "sort_order": 1,
        "page": 11,
        "image": 6,
        "caption": ""
    }
},
{
    "model": "blog.blogpagegalleryimage",
    "pk": 7,
    "fields": {
        "sort_order": 0,
        "page": 12,
        "image": 7,
        "caption": ""
    }
},
{
    "model": "wagtailimages.rendition",
    "pk": 1,
    "fields": {
        "filter_spec": "max-165x165",
        "file": "images/Alvino-Mobilya_Milenyum_zigon-sehpa.com-02.max-165x165.jpg",
        "width": 123,
        "height": 165,
        "focal_point_key": "",
        "image": 1
    }
},
{
    "model": "wagtailimages.rendition",
    "pk": 2,
    "fields": {
        "filter_spec": "max-165x165",
        "file": "images/Alvino-Mobilya_Milenyum_zigon-sehpa.com-06.max-165x165.jpg",
        "width": 123,
        "height": 165,
        "focal_point_key": "",
        "image": 2
    }
},
{
    "model": "wagtailimages.rendition",
    "pk": 3,
    "fields": {
        "filter_spec": "max-165x165",
        "file": "images/Alcin-Servis-Sehpasi_Alvino-Mobilya_zigon-se.max-165x165.jpg",
        "width": 123,
        "height": 165,
        "focal_point_key": "",
        "image": 3
    }
},
{
    "model": "wagtailimages.rendition",
    "pk": 4,
    "fields": {
        "filter_spec": "max-165x165",
        "file": "images/Bella-Servis-Sehpasi_Alvino-Mobilya_zigon-se.max-165x165.jpg",
        "width": 165,
        "height": 123,
        "focal_point_key": "",
        "image": 4
    }
},
{
    "model": "wagtailimages.rendition",
    "pk": 5,
    "fields": {
        "filter_spec": "max-165x165",
        "file": "images/Alvino-Mobilya_Milenyum_zigon-sehpa.com-03.max-165x165.jpg",
        "width": 123,
        "height": 165,
        "focal_point_key": "",
        "image": 5
    }
},
{
    "model": "wagtailimages.rendition",
    "pk": 6,
    "fields": {
        "filter_spec": "max-165x165",
        "file": "images/Fasulye-Orta-Sehpa_Alvino-Mobilya_zigon-sehp.max-165x165.jpg",
        "width": 165,
        "height": 123,
        "focal_point_key": "",
        "image": 6
    }
},
{
    "model": "wagtailimages.rendition",
    "pk": 7,
    "fields": {
        "filter_spec": "max-165x165",
        "file": "images/City-Orta-Sehpa_Alvino-Mobilya_zigon-sehpa.c.max-165x165.jpg",
        "width": 165,
        "height": 123,
        "focal_point_key": "",
        "image": 7
    }
},
{
    "model": "wagtailimages.rendition",
    "pk": 8,
    "fields": {
        "filter_spec": "fill-160x100",
        "file": "images/Alvino-Mobilya_Milenyum_zigon-sehp.2e16d0ba.fill-160x100.jpg",
        "width": 160,
        "height": 100,
        "focal_point_key": "2e16d0ba",
        "image": 1
    }
},
{
    "model": "wagtailimages.rendition",
    "pk": 9,
    "fields": {
        "filter_spec": "fill-160x100",
        "file": "images/Alvino-Mobilya_Milenyum_zigon-sehp.2e16d0ba.fill-160x100_jIPEiXf.jpg",
        "width": 160,
        "height": 100,
        "focal_point_key": "2e16d0ba",
        "image": 5
    }
},
{
    "model": "wagtailimages.rendition",
    "pk": 10,
    "fields": {
        "filter_spec": "fill-160x100",
        "file": "images/City-Orta-Sehpa_Alvino-Mobilya_zig.2e16d0ba.fill-160x100.jpg",
        "width": 160,
        "height": 100,
        "focal_point_key": "2e16d0ba",
        "image": 7
    }
},
{
    "model": "wagtailimages.rendition",
    "pk": 11,
    "fields": {
        "filter_spec": "fill-160x100",
        "file": "images/Alcin-Servis-Sehpasi_Alvino-Mobily.2e16d0ba.fill-160x100.jpg",
        "width": 160,
        "height": 100,
        "focal_point_key": "2e16d0ba",
        "image": 3
    }
},
{
    "model": "wagtailcore.site",
    "pk": 2,
    "fields": {
        "hostname": "localhost",
        "port": 80,
        "site_name": null,
        "root_page": 3,
        "is_default_site": true
    }
},
{
    "model": "wagtailcore.collection",
    "pk": 1,
    "fields": {
        "path": "0001",
        "depth": 1,
        "numchild": 0,
        "name": "Root"
    }
},
{
    "model": "taggit.tag",
    "pk": 1,
    "fields": {
        "name": "clio",
        "slug": "clio"
    }
},
{
    "model": "taggit.tag",
    "pk": 2,
    "fields": {
        "name": "fluence",
        "slug": "fluence"
    }
},
{
    "model": "taggit.tag",
    "pk": 3,
    "fields": {
        "name": "renault",
        "slug": "renault"
    }
},
{
    "model": "contenttypes.contenttype",
    "pk": 1,
    "fields": {
        "app_label": "wagtailcore",
        "model": "page"
    }
},
{
    "model": "contenttypes.contenttype",
    "pk": 2,
    "fields": {
        "app_label": "wagtailimages",
        "model": "image"
    }
},
{
    "model": "contenttypes.contenttype",
    "pk": 3,
    "fields": {
        "app_label": "home",
        "model": "homepage"
    }
},
{
    "model": "contenttypes.contenttype",
    "pk": 4,
    "fields": {
        "app_label": "wagtailadmin",
        "model": "admin"
    }
},
{
    "model": "contenttypes.contenttype",
    "pk": 5,
    "fields": {
        "app_label": "wagtaildocs",
        "model": "document"
    }
},
{
    "model": "contenttypes.contenttype",
    "pk": 6,
    "fields": {
        "app_label": "blog",
        "model": "blogpagetag"
    }
},
{
    "model": "contenttypes.contenttype",
    "pk": 7,
    "fields": {
        "app_label": "blog",
        "model": "blogpagegalleryimage"
    }
},
{
    "model": "contenttypes.contenttype",
    "pk": 8,
    "fields": {
        "app_label": "blog",
        "model": "blogtagindexpage"
    }
},
{
    "model": "contenttypes.contenttype",
    "pk": 9,
    "fields": {
        "app_label": "blog",
        "model": "blogcategory"
    }
},
{
    "model": "contenttypes.contenttype",
    "pk": 10,
    "fields": {
        "app_label": "blog",
        "model": "blogpage"
    }
},
{
    "model": "contenttypes.contenttype",
    "pk": 11,
    "fields": {
        "app_label": "blog",
        "model": "blogindexpage"
    }
},
{
    "model": "contenttypes.contenttype",
    "pk": 12,
    "fields": {
        "app_label": "wagtailforms",
        "model": "formsubmission"
    }
},
{
    "model": "contenttypes.contenttype",
    "pk": 13,
    "fields": {
        "app_label": "wagtailredirects",
        "model": "redirect"
    }
},
{
    "model": "contenttypes.contenttype",
    "pk": 14,
    "fields": {
        "app_label": "wagtailembeds",
        "model": "embed"
    }
},
{
    "model": "contenttypes.contenttype",
    "pk": 15,
    "fields": {
        "app_label": "wagtailusers",
        "model": "userprofile"
    }
},
{
    "model": "contenttypes.contenttype",
    "pk": 16,
    "fields": {
        "app_label": "wagtailimages",
        "model": "filter"
    }
},
{
    "model": "contenttypes.contenttype",
    "pk": 17,
    "fields": {
        "app_label": "wagtailimages",
        "model": "rendition"
    }
},
{
    "model": "contenttypes.contenttype",
    "pk": 18,
    "fields": {
        "app_label": "wagtailsearch",
        "model": "querydailyhits"
    }
},
{
    "model": "contenttypes.contenttype",
    "pk": 19,
    "fields": {
        "app_label": "wagtailsearch",
        "model": "query"
    }
},
{
    "model": "contenttypes.contenttype",
    "pk": 20,
    "fields": {
        "app_label": "wagtailcore",
        "model": "grouppagepermission"
    }
},
{
    "model": "contenttypes.contenttype",
    "pk": 21,
    "fields": {
        "app_label": "wagtailcore",
        "model": "site"
    }
},
{
    "model": "contenttypes.contenttype",
    "pk": 22,
    "fields": {
        "app_label": "wagtailcore",
        "model": "collection"
    }
},
{
    "model": "contenttypes.contenttype",
    "pk": 23,
    "fields": {
        "app_label": "wagtailcore",
        "model": "groupcollectionpermission"
    }
},
{
    "model": "contenttypes.contenttype",
    "pk": 24,
    "fields": {
        "app_label": "wagtailcore",
        "model": "pagerevision"
    }
},
{
    "model": "contenttypes.contenttype",
    "pk": 25,
    "fields": {
        "app_label": "wagtailcore",
        "model": "pageviewrestriction"
    }
},
{
    "model": "contenttypes.contenttype",
    "pk": 26,
    "fields": {
        "app_label": "taggit",
        "model": "tag"
    }
},
{
    "model": "contenttypes.contenttype",
    "pk": 27,
    "fields": {
        "app_label": "taggit",
        "model": "taggeditem"
    }
},
{
    "model": "contenttypes.contenttype",
    "pk": 28,
    "fields": {
        "app_label": "admin",
        "model": "logentry"
    }
},
{
    "model": "contenttypes.contenttype",
    "pk": 29,
    "fields": {
        "app_label": "auth",
        "model": "group"
    }
},
{
    "model": "contenttypes.contenttype",
    "pk": 30,
    "fields": {
        "app_label": "auth",
        "model": "user"
    }
},
{
    "model": "contenttypes.contenttype",
    "pk": 31,
    "fields": {
        "app_label": "auth",
        "model": "permission"
    }
},
{
    "model": "contenttypes.contenttype",
    "pk": 32,
    "fields": {
        "app_label": "contenttypes",
        "model": "contenttype"
    }
},
{
    "model": "contenttypes.contenttype",
    "pk": 33,
    "fields": {
        "app_label": "sessions",
        "model": "session"
    }
},
{
    "model": "sessions.session",
    "pk": "zalch8tmcez7gvkeuedwb5p5ht48h517",
    "fields": {
        "session_data": "YjRkZTI3MWI1MmZkMTRlMzk2ZDY4NDhhNGQzNDRhZjJmZGE4ZTFiZjp7Il9hdXRoX3VzZXJfaGFzaCI6IjA1NTQxMjExNDdhODNiNzM4NzNiM2E4NTA2MzQxMWJlYjIzN2U5MTciLCJfYXV0aF91c2VyX2JhY2tlbmQiOiJkamFuZ28uY29udHJpYi5hdXRoLmJhY2tlbmRzLk1vZGVsQmFja2VuZCIsIl9hdXRoX3VzZXJfaWQiOiIxIn0=",
        "expire_date": "2017-04-29T04:50:43.300Z"
    }
},
{
    "model": "auth.permission",
    "pk": 1,
    "fields": {
        "name": "Can add image",
        "content_type": 2,
        "codename": "add_image"
    }
},
{
    "model": "auth.permission",
    "pk": 2,
    "fields": {
        "name": "Can change image",
        "content_type": 2,
        "codename": "change_image"
    }
},
{
    "model": "auth.permission",
    "pk": 3,
    "fields": {
        "name": "Can delete image",
        "content_type": 2,
        "codename": "delete_image"
    }
},
{
    "model": "auth.permission",
    "pk": 4,
    "fields": {
        "name": "Can access Wagtail admin",
        "content_type": 4,
        "codename": "access_admin"
    }
},
{
    "model": "auth.permission",
    "pk": 5,
    "fields": {
        "name": "Can add document",
        "content_type": 5,
        "codename": "add_document"
    }
},
{
    "model": "auth.permission",
    "pk": 6,
    "fields": {
        "name": "Can change document",
        "content_type": 5,
        "codename": "change_document"
    }
},
{
    "model": "auth.permission",
    "pk": 7,
    "fields": {
        "name": "Can delete document",
        "content_type": 5,
        "codename": "delete_document"
    }
},
{
    "model": "auth.permission",
    "pk": 8,
    "fields": {
        "name": "Can add home page",
        "content_type": 3,
        "codename": "add_homepage"
    }
},
{
    "model": "auth.permission",
    "pk": 9,
    "fields": {
        "name": "Can change home page",
        "content_type": 3,
        "codename": "change_homepage"
    }
},
{
    "model": "auth.permission",
    "pk": 10,
    "fields": {
        "name": "Can delete home page",
        "content_type": 3,
        "codename": "delete_homepage"
    }
},
{
    "model": "auth.permission",
    "pk": 11,
    "fields": {
        "name": "Can add blog page tag",
        "content_type": 6,
        "codename": "add_blogpagetag"
    }
},
{
    "model": "auth.permission",
    "pk": 12,
    "fields": {
        "name": "Can change blog page tag",
        "content_type": 6,
        "codename": "change_blogpagetag"
    }
},
{
    "model": "auth.permission",
    "pk": 13,
    "fields": {
        "name": "Can delete blog page tag",
        "content_type": 6,
        "codename": "delete_blogpagetag"
    }
},
{
    "model": "auth.permission",
    "pk": 14,
    "fields": {
        "name": "Can add blog page gallery image",
        "content_type": 7,
        "codename": "add_blogpagegalleryimage"
    }
},
{
    "model": "auth.permission",
    "pk": 15,
    "fields": {
        "name": "Can change blog page gallery image",
        "content_type": 7,
        "codename": "change_blogpagegalleryimage"
    }
},
{
    "model": "auth.permission",
    "pk": 16,
    "fields": {
        "name": "Can delete blog page gallery image",
        "content_type": 7,
        "codename": "delete_blogpagegalleryimage"
    }
},
{
    "model": "auth.permission",
    "pk": 17,
    "fields": {
        "name": "Can add blog tag index page",
        "content_type": 8,
        "codename": "add_blogtagindexpage"
    }
},
{
    "model": "auth.permission",
    "pk": 18,
    "fields": {
        "name": "Can change blog tag index page",
        "content_type": 8,
        "codename": "change_blogtagindexpage"
    }
},
{
    "model": "auth.permission",
    "pk": 19,
    "fields": {
        "name": "Can delete blog tag index page",
        "content_type": 8,
        "codename": "delete_blogtagindexpage"
    }
},
{
    "model": "auth.permission",
    "pk": 20,
    "fields": {
        "name": "Can add blog category",
        "content_type": 9,
        "codename": "add_blogcategory"
    }
},
{
    "model": "auth.permission",
    "pk": 21,
    "fields": {
        "name": "Can change blog category",
        "content_type": 9,
        "codename": "change_blogcategory"
    }
},
{
    "model": "auth.permission",
    "pk": 22,
    "fields": {
        "name": "Can delete blog category",
        "content_type": 9,
        "codename": "delete_blogcategory"
    }
},
{
    "model": "auth.permission",
    "pk": 23,
    "fields": {
        "name": "Can add blog page",
        "content_type": 10,
        "codename": "add_blogpage"
    }
},
{
    "model": "auth.permission",
    "pk": 24,
    "fields": {
        "name": "Can change blog page",
        "content_type": 10,
        "codename": "change_blogpage"
    }
},
{
    "model": "auth.permission",
    "pk": 25,
    "fields": {
        "name": "Can delete blog page",
        "content_type": 10,
        "codename": "delete_blogpage"
    }
},
{
    "model": "auth.permission",
    "pk": 26,
    "fields": {
        "name": "Can add blog index page",
        "content_type": 11,
        "codename": "add_blogindexpage"
    }
},
{
    "model": "auth.permission",
    "pk": 27,
    "fields": {
        "name": "Can change blog index page",
        "content_type": 11,
        "codename": "change_blogindexpage"
    }
},
{
    "model": "auth.permission",
    "pk": 28,
    "fields": {
        "name": "Can delete blog index page",
        "content_type": 11,
        "codename": "delete_blogindexpage"
    }
},
{
    "model": "auth.permission",
    "pk": 29,
    "fields": {
        "name": "Can add form submission",
        "content_type": 12,
        "codename": "add_formsubmission"
    }
},
{
    "model": "auth.permission",
    "pk": 30,
    "fields": {
        "name": "Can change form submission",
        "content_type": 12,
        "codename": "change_formsubmission"
    }
},
{
    "model": "auth.permission",
    "pk": 31,
    "fields": {
        "name": "Can delete form submission",
        "content_type": 12,
        "codename": "delete_formsubmission"
    }
},
{
    "model": "auth.permission",
    "pk": 32,
    "fields": {
        "name": "Can add redirect",
        "content_type": 13,
        "codename": "add_redirect"
    }
},
{
    "model": "auth.permission",
    "pk": 33,
    "fields": {
        "name": "Can change redirect",
        "content_type": 13,
        "codename": "change_redirect"
    }
},
{
    "model": "auth.permission",
    "pk": 34,
    "fields": {
        "name": "Can delete redirect",
        "content_type": 13,
        "codename": "delete_redirect"
    }
},
{
    "model": "auth.permission",
    "pk": 35,
    "fields": {
        "name": "Can add embed",
        "content_type": 14,
        "codename": "add_embed"
    }
},
{
    "model": "auth.permission",
    "pk": 36,
    "fields": {
        "name": "Can change embed",
        "content_type": 14,
        "codename": "change_embed"
    }
},
{
    "model": "auth.permission",
    "pk": 37,
    "fields": {
        "name": "Can delete embed",
        "content_type": 14,
        "codename": "delete_embed"
    }
},
{
    "model": "auth.permission",
    "pk": 38,
    "fields": {
        "name": "Can add user profile",
        "content_type": 15,
        "codename": "add_userprofile"
    }
},
{
    "model": "auth.permission",
    "pk": 39,
    "fields": {
        "name": "Can change user profile",
        "content_type": 15,
        "codename": "change_userprofile"
    }
},
{
    "model": "auth.permission",
    "pk": 40,
    "fields": {
        "name": "Can delete user profile",
        "content_type": 15,
        "codename": "delete_userprofile"
    }
},
{
    "model": "auth.permission",
    "pk": 41,
    "fields": {
        "name": "Can add filter",
        "content_type": 16,
        "codename": "add_filter"
    }
},
{
    "model": "auth.permission",
    "pk": 42,
    "fields": {
        "name": "Can change filter",
        "content_type": 16,
        "codename": "change_filter"
    }
},
{
    "model": "auth.permission",
    "pk": 43,
    "fields": {
        "name": "Can delete filter",
        "content_type": 16,
        "codename": "delete_filter"
    }
},
{
    "model": "auth.permission",
    "pk": 44,
    "fields": {
        "name": "Can add rendition",
        "content_type": 17,
        "codename": "add_rendition"
    }
},
{
    "model": "auth.permission",
    "pk": 45,
    "fields": {
        "name": "Can change rendition",
        "content_type": 17,
        "codename": "change_rendition"
    }
},
{
    "model": "auth.permission",
    "pk": 46,
    "fields": {
        "name": "Can delete rendition",
        "content_type": 17,
        "codename": "delete_rendition"
    }
},
{
    "model": "auth.permission",
    "pk": 47,
    "fields": {
        "name": "Can add Query Daily Hits",
        "content_type": 18,
        "codename": "add_querydailyhits"
    }
},
{
    "model": "auth.permission",
    "pk": 48,
    "fields": {
        "name": "Can change Query Daily Hits",
        "content_type": 18,
        "codename": "change_querydailyhits"
    }
},
{
    "model": "auth.permission",
    "pk": 49,
    "fields": {
        "name": "Can delete Query Daily Hits",
        "content_type": 18,
        "codename": "delete_querydailyhits"
    }
},
{
    "model": "auth.permission",
    "pk": 50,
    "fields": {
        "name": "Can add query",
        "content_type": 19,
        "codename": "add_query"
    }
},
{
    "model": "auth.permission",
    "pk": 51,
    "fields": {
        "name": "Can change query",
        "content_type": 19,
        "codename": "change_query"
    }
},
{
    "model": "auth.permission",
    "pk": 52,
    "fields": {
        "name": "Can delete query",
        "content_type": 19,
        "codename": "delete_query"
    }
},
{
    "model": "auth.permission",
    "pk": 53,
    "fields": {
        "name": "Can add group page permission",
        "content_type": 20,
        "codename": "add_grouppagepermission"
    }
},
{
    "model": "auth.permission",
    "pk": 54,
    "fields": {
        "name": "Can change group page permission",
        "content_type": 20,
        "codename": "change_grouppagepermission"
    }
},
{
    "model": "auth.permission",
    "pk": 55,
    "fields": {
        "name": "Can delete group page permission",
        "content_type": 20,
        "codename": "delete_grouppagepermission"
    }
},
{
    "model": "auth.permission",
    "pk": 56,
    "fields": {
        "name": "Can add site",
        "content_type": 21,
        "codename": "add_site"
    }
},
{
    "model": "auth.permission",
    "pk": 57,
    "fields": {
        "name": "Can change site",
        "content_type": 21,
        "codename": "change_site"
    }
},
{
    "model": "auth.permission",
    "pk": 58,
    "fields": {
        "name": "Can delete site",
        "content_type": 21,
        "codename": "delete_site"
    }
},
{
    "model": "auth.permission",
    "pk": 59,
    "fields": {
        "name": "Can add collection",
        "content_type": 22,
        "codename": "add_collection"
    }
},
{
    "model": "auth.permission",
    "pk": 60,
    "fields": {
        "name": "Can change collection",
        "content_type": 22,
        "codename": "change_collection"
    }
},
{
    "model": "auth.permission",
    "pk": 61,
    "fields": {
        "name": "Can delete collection",
        "content_type": 22,
        "codename": "delete_collection"
    }
},
{
    "model": "auth.permission",
    "pk": 62,
    "fields": {
        "name": "Can add page",
        "content_type": 1,
        "codename": "add_page"
    }
},
{
    "model": "auth.permission",
    "pk": 63,
    "fields": {
        "name": "Can change page",
        "content_type": 1,
        "codename": "change_page"
    }
},
{
    "model": "auth.permission",
    "pk": 64,
    "fields": {
        "name": "Can delete page",
        "content_type": 1,
        "codename": "delete_page"
    }
},
{
    "model": "auth.permission",
    "pk": 65,
    "fields": {
        "name": "Can add group collection permission",
        "content_type": 23,
        "codename": "add_groupcollectionpermission"
    }
},
{
    "model": "auth.permission",
    "pk": 66,
    "fields": {
        "name": "Can change group collection permission",
        "content_type": 23,
        "codename": "change_groupcollectionpermission"
    }
},
{
    "model": "auth.permission",
    "pk": 67,
    "fields": {
        "name": "Can delete group collection permission",
        "content_type": 23,
        "codename": "delete_groupcollectionpermission"
    }
},
{
    "model": "auth.permission",
    "pk": 68,
    "fields": {
        "name": "Can add page revision",
        "content_type": 24,
        "codename": "add_pagerevision"
    }
},
{
    "model": "auth.permission",
    "pk": 69,
    "fields": {
        "name": "Can change page revision",
        "content_type": 24,
        "codename": "change_pagerevision"
    }
},
{
    "model": "auth.permission",
    "pk": 70,
    "fields": {
        "name": "Can delete page revision",
        "content_type": 24,
        "codename": "delete_pagerevision"
    }
},
{
    "model": "auth.permission",
    "pk": 71,
    "fields": {
        "name": "Can add page view restriction",
        "content_type": 25,
        "codename": "add_pageviewrestriction"
    }
},
{
    "model": "auth.permission",
    "pk": 72,
    "fields": {
        "name": "Can change page view restriction",
        "content_type": 25,
        "codename": "change_pageviewrestriction"
    }
},
{
    "model": "auth.permission",
    "pk": 73,
    "fields": {
        "name": "Can delete page view restriction",
        "content_type": 25,
        "codename": "delete_pageviewrestriction"
    }
},
{
    "model": "auth.permission",
    "pk": 74,
    "fields": {
        "name": "Can add Tag",
        "content_type": 26,
        "codename": "add_tag"
    }
},
{
    "model": "auth.permission",
    "pk": 75,
    "fields": {
        "name": "Can change Tag",
        "content_type": 26,
        "codename": "change_tag"
    }
},
{
    "model": "auth.permission",
    "pk": 76,
    "fields": {
        "name": "Can delete Tag",
        "content_type": 26,
        "codename": "delete_tag"
    }
},
{
    "model": "auth.permission",
    "pk": 77,
    "fields": {
        "name": "Can add Tagged Item",
        "content_type": 27,
        "codename": "add_taggeditem"
    }
},
{
    "model": "auth.permission",
    "pk": 78,
    "fields": {
        "name": "Can change Tagged Item",
        "content_type": 27,
        "codename": "change_taggeditem"
    }
},
{
    "model": "auth.permission",
    "pk": 79,
    "fields": {
        "name": "Can delete Tagged Item",
        "content_type": 27,
        "codename": "delete_taggeditem"
    }
},
{
    "model": "auth.permission",
    "pk": 80,
    "fields": {
        "name": "Can add log entry",
        "content_type": 28,
        "codename": "add_logentry"
    }
},
{
    "model": "auth.permission",
    "pk": 81,
    "fields": {
        "name": "Can change log entry",
        "content_type": 28,
        "codename": "change_logentry"
    }
},
{
    "model": "auth.permission",
    "pk": 82,
    "fields": {
        "name": "Can delete log entry",
        "content_type": 28,
        "codename": "delete_logentry"
    }
},
{
    "model": "auth.permission",
    "pk": 83,
    "fields": {
        "name": "Can add group",
        "content_type": 29,
        "codename": "add_group"
    }
},
{
    "model": "auth.permission",
    "pk": 84,
    "fields": {
        "name": "Can change group",
        "content_type": 29,
        "codename": "change_group"
    }
},
{
    "model": "auth.permission",
    "pk": 85,
    "fields": {
        "name": "Can delete group",
        "content_type": 29,
        "codename": "delete_group"
    }
},
{
    "model": "auth.permission",
    "pk": 86,
    "fields": {
        "name": "Can add user",
        "content_type": 30,
        "codename": "add_user"
    }
},
{
    "model": "auth.permission",
    "pk": 87,
    "fields": {
        "name": "Can change user",
        "content_type": 30,
        "codename": "change_user"
    }
},
{
    "model": "auth.permission",
    "pk": 88,
    "fields": {
        "name": "Can delete user",
        "content_type": 30,
        "codename": "delete_user"
    }
},
{
    "model": "auth.permission",
    "pk": 89,
    "fields": {
        "name": "Can add permission",
        "content_type": 31,
        "codename": "add_permission"
    }
},
{
    "model": "auth.permission",
    "pk": 90,
    "fields": {
        "name": "Can change permission",
        "content_type": 31,
        "codename": "change_permission"
    }
},
{
    "model": "auth.permission",
    "pk": 91,
    "fields": {
        "name": "Can delete permission",
        "content_type": 31,
        "codename": "delete_permission"
    }
},
{
    "model": "auth.permission",
    "pk": 92,
    "fields": {
        "name": "Can add content type",
        "content_type": 32,
        "codename": "add_contenttype"
    }
},
{
    "model": "auth.permission",
    "pk": 93,
    "fields": {
        "name": "Can change content type",
        "content_type": 32,
        "codename": "change_contenttype"
    }
},
{
    "model": "auth.permission",
    "pk": 94,
    "fields": {
        "name": "Can delete content type",
        "content_type": 32,
        "codename": "delete_contenttype"
    }
},
{
    "model": "auth.permission",
    "pk": 95,
    "fields": {
        "name": "Can add session",
        "content_type": 33,
        "codename": "add_session"
    }
},
{
    "model": "auth.permission",
    "pk": 96,
    "fields": {
        "name": "Can change session",
        "content_type": 33,
        "codename": "change_session"
    }
},
{
    "model": "auth.permission",
    "pk": 97,
    "fields": {
        "name": "Can delete session",
        "content_type": 33,
        "codename": "delete_session"
    }
},
{
    "model": "auth.group",
    "pk": 1,
    "fields": {
        "name": "Moderators",
        "permissions": [
            4,
            5,
            6,
            7,
            1,
            2,
            3
        ]
    }
},
{
    "model": "auth.group",
    "pk": 2,
    "fields": {
        "name": "Editors",
        "permissions": [
            4,
            5,
            6,
            7,
            1,
            2,
            3
        ]
    }
},
{
    "model": "auth.user",
    "pk": 1,
    "fields": {
        "password": "pbkdf2_sha256$30000$ceDAroXcNgXU$L67TbAfEc5LSoC6/3IemorM4h9lLQbvxJUDCflfkRfw=",
        "last_login": "2017-04-15T04:50:43.294Z",
        "is_superuser": true,
        "username": "leon",
        "first_name": "",
        "last_name": "",
        "email": "",
        "is_staff": true,
        "is_active": true,
        "date_joined": "2017-04-15T04:50:27.465Z",
        "groups": [],
        "user_permissions": []
    }
},
{
    "model": "wagtailcore.groupcollectionpermission",
    "pk": 1,
    "fields": {
        "group": 1,
        "collection": 1,
        "permission": 1
    }
},
{
    "model": "wagtailcore.groupcollectionpermission",
    "pk": 2,
    "fields": {
        "group": 2,
        "collection": 1,
        "permission": 1
    }
},
{
    "model": "wagtailcore.groupcollectionpermission",
    "pk": 3,
    "fields": {
        "group": 1,
        "collection": 1,
        "permission": 2
    }
},
{
    "model": "wagtailcore.groupcollectionpermission",
    "pk": 4,
    "fields": {
        "group": 2,
        "collection": 1,
        "permission": 2
    }
},
{
    "model": "wagtailcore.groupcollectionpermission",
    "pk": 5,
    "fields": {
        "group": 1,
        "collection": 1,
        "permission": 5
    }
},
{
    "model": "wagtailcore.groupcollectionpermission",
    "pk": 6,
    "fields": {
        "group": 2,
        "collection": 1,
        "permission": 5
    }
},
{
    "model": "wagtailcore.groupcollectionpermission",
    "pk": 7,
    "fields": {
        "group": 1,
        "collection": 1,
        "permission": 6
    }
},
{
    "model": "wagtailcore.groupcollectionpermission",
    "pk": 8,
    "fields": {
        "group": 2,
        "collection": 1,
        "permission": 6
    }
},
{
    "model": "wagtailcore.grouppagepermission",
    "pk": 1,
    "fields": {
        "group": 1,
        "page": 1,
        "permission_type": "add"
    }
},
{
    "model": "wagtailcore.grouppagepermission",
    "pk": 2,
    "fields": {
        "group": 1,
        "page": 1,
        "permission_type": "edit"
    }
},
{
    "model": "wagtailcore.grouppagepermission",
    "pk": 3,
    "fields": {
        "group": 1,
        "page": 1,
        "permission_type": "publish"
    }
},
{
    "model": "wagtailcore.grouppagepermission",
    "pk": 4,
    "fields": {
        "group": 2,
        "page": 1,
        "permission_type": "add"
    }
},
{
    "model": "wagtailcore.grouppagepermission",
    "pk": 5,
    "fields": {
        "group": 2,
        "page": 1,
        "permission_type": "edit"
    }
},
{
    "model": "wagtailcore.grouppagepermission",
    "pk": 6,
    "fields": {
        "group": 1,
        "page": 1,
        "permission_type": "lock"
    }
},
{
    "model": "wagtailcore.pagerevision",
    "pk": 1,
    "fields": {
        "page": 4,
        "submitted_for_moderation": false,
        "created_at": "2017-04-15T04:51:52.320Z",
        "user": 1,
        "content_json": "{\"owner\": 1, \"latest_revision_created_at\": null, \"content_type\": 11, \"title\": \"Vas\\u0131ta\", \"intro\": \"<p>Vas\\u0131talar</p>\", \"slug\": \"vasita\", \"expire_at\": null, \"locked\": false, \"seo_title\": \"Vas\\u0131ta\", \"url_path\": \"/vasita/\", \"depth\": 2, \"pk\": 4, \"has_unpublished_changes\": false, \"path\": \"00010002\", \"go_live_at\": null, \"search_description\": \"Vas\\u0131ta\", \"expired\": false, \"numchild\": 0, \"first_published_at\": null, \"live\": true, \"show_in_menus\": false}",
        "approved_go_live_at": null
    }
},
{
    "model": "wagtailcore.pagerevision",
    "pk": 2,
    "fields": {
        "page": 5,
        "submitted_for_moderation": false,
        "created_at": "2017-04-15T04:52:35.817Z",
        "user": 1,
        "content_json": "{\"owner\": 1, \"latest_revision_created_at\": null, \"content_type\": 11, \"title\": \"Otomobil\", \"intro\": \"<p>Otomobil</p>\", \"slug\": \"otomobil\", \"expire_at\": null, \"locked\": false, \"seo_title\": \"Otomobil\", \"url_path\": \"/vasita/otomobil/\", \"depth\": 3, \"pk\": 5, \"has_unpublished_changes\": false, \"path\": \"000100020001\", \"go_live_at\": null, \"search_description\": \"Otomobil\", \"expired\": false, \"numchild\": 0, \"first_published_at\": null, \"live\": true, \"show_in_menus\": false}",
        "approved_go_live_at": null
    }
},
{
    "model": "wagtailcore.pagerevision",
    "pk": 3,
    "fields": {
        "page": 6,
        "submitted_for_moderation": false,
        "created_at": "2017-04-15T04:53:18.291Z",
        "user": 1,
        "content_json": "{\"owner\": 1, \"latest_revision_created_at\": null, \"content_type\": 11, \"title\": \"Renault\", \"intro\": \"<p>Renault<br/></p>\", \"slug\": \"renault\", \"expire_at\": null, \"locked\": false, \"seo_title\": \"Renault\", \"url_path\": \"/vasita/otomobil/renault/\", \"depth\": 4, \"pk\": 6, \"has_unpublished_changes\": false, \"path\": \"0001000200010001\", \"go_live_at\": null, \"search_description\": \"Renault\", \"expired\": false, \"numchild\": 0, \"first_published_at\": null, \"live\": true, \"show_in_menus\": false}",
        "approved_go_live_at": null
    }
},
{
    "model": "wagtailcore.pagerevision",
    "pk": 4,
    "fields": {
        "page": 7,
        "submitted_for_moderation": false,
        "created_at": "2017-04-15T04:54:11.514Z",
        "user": 1,
        "content_json": "{\"owner\": 1, \"latest_revision_created_at\": null, \"content_type\": 11, \"title\": \"Clio\", \"intro\": \"<p>Clio</p>\", \"slug\": \"clio\", \"expire_at\": null, \"locked\": false, \"seo_title\": \"Clio\", \"url_path\": \"/vasita/otomobil/renault/clio/\", \"depth\": 5, \"pk\": 7, \"has_unpublished_changes\": false, \"path\": \"00010002000100010001\", \"go_live_at\": null, \"search_description\": \"Clio\", \"expired\": false, \"numchild\": 0, \"first_published_at\": null, \"live\": true, \"show_in_menus\": false}",
        "approved_go_live_at": null
    }
},
{
    "model": "wagtailcore.pagerevision",
    "pk": 5,
    "fields": {
        "page": 8,
        "submitted_for_moderation": false,
        "created_at": "2017-04-15T04:56:34.962Z",
        "user": 1,
        "content_json": "{\"owner\": 1, \"intro\": \"SUAT PLAZA'DAN 2013 FLUANCE1.6 130 Ps \\u0130CON 6 \\u0130LER\\u0130 56.000\", \"slug\": \"2011-model-dizel-cilo-servis-bakimli\", \"url_path\": \"/vasita/otomobil/renault/clio/2011-model-dizel-cilo-servis-bakimli/\", \"depth\": 6, \"seo_title\": \"\", \"search_description\": \"\", \"latest_revision_created_at\": null, \"live\": true, \"tagged_items\": [{\"pk\": 1, \"content_object\": 8, \"tag\": 1}, {\"pk\": 2, \"content_object\": 8, \"tag\": 2}, {\"pk\": 3, \"content_object\": 8, \"tag\": 3}], \"show_in_menus\": false, \"gallery_images\": [{\"pk\": 1, \"page\": 8, \"caption\": \"\", \"sort_order\": 0, \"image\": 1}, {\"pk\": 2, \"page\": 8, \"caption\": \"\", \"sort_order\": 1, \"image\": 2}], \"content_type\": 10, \"title\": \"2011 MODEL D\\u0130ZEL C\\u0130LO SERV\\u0130S BAKIMLI\", \"expire_at\": null, \"locked\": false, \"categories\": [], \"pk\": 8, \"has_unpublished_changes\": false, \"date\": \"2017-04-15\", \"go_live_at\": null, \"body\": \"<p>SUAT PLAZA'DAN 2013 FLUANCE1.6 130 Ps \\u0130CON 6 \\u0130LER\\u0130 56.000<br/></p>\", \"expired\": false, \"numchild\": 0, \"first_published_at\": null, \"path\": \"000100020001000100010001\"}",
        "approved_go_live_at": null
    }
},
{
    "model": "wagtailcore.pagerevision",
    "pk": 6,
    "fields": {
        "page": 9,
        "submitted_for_moderation": false,
        "created_at": "2017-04-15T04:57:28.358Z",
        "user": 1,
        "content_json": "{\"owner\": 1, \"latest_revision_created_at\": null, \"content_type\": 11, \"title\": \"Fluence\", \"intro\": \"<p>Fluence</p>\", \"slug\": \"fluence\", \"expire_at\": null, \"locked\": false, \"seo_title\": \"Fluence\", \"url_path\": \"/vasita/otomobil/renault/fluence/\", \"depth\": 5, \"pk\": 9, \"has_unpublished_changes\": false, \"path\": \"00010002000100010002\", \"go_live_at\": null, \"search_description\": \"Fluence\", \"expired\": false, \"numchild\": 0, \"first_published_at\": null, \"live\": true, \"show_in_menus\": false}",
        "approved_go_live_at": null
    }
},
{
    "model": "wagtailcore.pagerevision",
    "pk": 7,
    "fields": {
        "page": 10,
        "submitted_for_moderation": false,
        "created_at": "2017-04-15T05:00:00.797Z",
        "user": 1,
        "content_json": "{\"owner\": 1, \"intro\": \"KAREN RENAULT'DAN 2011 MODEL FLUENCE 1.5 P\", \"slug\": \"karen-renaultdan-2011-model-fluence-15-privilege-dci\", \"url_path\": \"/vasita/otomobil/renault/fluence/karen-renaultdan-2011-model-fluence-15-privilege-dci/\", \"depth\": 6, \"seo_title\": \"\", \"search_description\": \"\", \"latest_revision_created_at\": null, \"live\": true, \"tagged_items\": [{\"pk\": 4, \"content_object\": 10, \"tag\": 2}], \"show_in_menus\": false, \"gallery_images\": [{\"pk\": 3, \"page\": 10, \"caption\": \"\", \"sort_order\": 0, \"image\": 3}, {\"pk\": 4, \"page\": 10, \"caption\": \"\", \"sort_order\": 1, \"image\": 4}], \"content_type\": 10, \"title\": \"KAREN RENAULT'DAN 2011 MODEL FLUENCE 1.5 PR\\u0130V\\u0130LEGE DC\\u0130\", \"expire_at\": null, \"locked\": false, \"categories\": [], \"pk\": 10, \"has_unpublished_changes\": false, \"date\": \"2017-04-15\", \"go_live_at\": null, \"body\": \"<p>KAREN RENAULT'DAN 2011 MODEL FLUENCE 1.5 P</p>\", \"expired\": false, \"numchild\": 0, \"first_published_at\": null, \"path\": \"000100020001000100020001\"}",
        "approved_go_live_at": null
    }
},
{
    "model": "wagtailcore.pagerevision",
    "pk": 8,
    "fields": {
        "page": 11,
        "submitted_for_moderation": false,
        "created_at": "2017-04-15T05:06:11.581Z",
        "user": 1,
        "content_json": "{\"owner\": 1, \"intro\": \"2013 Clio .6 130 Ps \\u0130C\", \"slug\": \"suat-plazadan-2013-clio-6-130-ps-icon-6-ileri-56000\", \"url_path\": \"/vasita/otomobil/renault/clio/suat-plazadan-2013-clio-6-130-ps-icon-6-ileri-56000/\", \"depth\": 6, \"seo_title\": \"\", \"search_description\": \"\", \"latest_revision_created_at\": null, \"live\": true, \"tagged_items\": [], \"show_in_menus\": false, \"gallery_images\": [{\"pk\": 5, \"page\": 11, \"caption\": \"\", \"sort_order\": 0, \"image\": 5}, {\"pk\": 6, \"page\": 11, \"caption\": \"\", \"sort_order\": 1, \"image\": 6}], \"content_type\": 10, \"title\": \"SUAT PLAZA'DAN 2013 Clio .6 130 Ps \\u0130CON 6 \\u0130LER\\u0130 56.000\", \"expire_at\": null, \"locked\": false, \"categories\": [], \"pk\": 11, \"has_unpublished_changes\": false, \"date\": \"2017-04-15\", \"go_live_at\": null, \"body\": \"<p>2013 Clio .6 130 Ps \\u0130C</p>\", \"expired\": false, \"numchild\": 0, \"first_published_at\": null, \"path\": \"000100020001000100010002\"}",
        "approved_go_live_at": null
    }
},
{
    "model": "wagtailcore.pagerevision",
    "pk": 9,
    "fields": {
        "page": 12,
        "submitted_for_moderation": false,
        "created_at": "2017-04-15T05:10:18.914Z",
        "user": 1,
        "content_json": "{\"owner\": 1, \"intro\": \"Ahmet RENAULT'DAN 2011 MODEL Clio 1.5\", \"slug\": \"ahmet-renaultdan-2011-model-clio-15\", \"url_path\": \"/vasita/otomobil/renault/clio/ahmet-renaultdan-2011-model-clio-15/\", \"depth\": 6, \"seo_title\": \"\", \"search_description\": \"\", \"latest_revision_created_at\": null, \"live\": true, \"tagged_items\": [], \"show_in_menus\": false, \"gallery_images\": [{\"pk\": 7, \"page\": 12, \"caption\": \"\", \"sort_order\": 0, \"image\": 7}], \"content_type\": 10, \"title\": \"Ahmet RENAULT'DAN 2011 MODEL Clio 1.5\", \"expire_at\": null, \"locked\": false, \"categories\": [], \"pk\": 12, \"has_unpublished_changes\": false, \"date\": \"2017-04-15\", \"go_live_at\": null, \"body\": \"<p>Ahmet RENAULT'DAN 2011 MODEL Clio 1.5</p>\", \"expired\": false, \"numchild\": 0, \"first_published_at\": null, \"path\": \"000100020001000100010003\"}",
        "approved_go_live_at": null
    }
},
{
    "model": "wagtailcore.pagerevision",
    "pk": 10,
    "fields": {
        "page": 13,
        "submitted_for_moderation": false,
        "created_at": "2017-04-15T05:11:36.386Z",
        "user": 1,
        "content_json": "{\"owner\": 1, \"latest_revision_created_at\": null, \"content_type\": 11, \"title\": \"Ford\", \"intro\": \"<p>Ford</p>\", \"slug\": \"ford\", \"expire_at\": null, \"locked\": false, \"seo_title\": \"Ford\", \"url_path\": \"/vasita/otomobil/ford/\", \"depth\": 4, \"pk\": 13, \"has_unpublished_changes\": false, \"path\": \"0001000200010002\", \"go_live_at\": null, \"search_description\": \"Ford\", \"expired\": false, \"numchild\": 0, \"first_published_at\": null, \"live\": true, \"show_in_menus\": false}",
        "approved_go_live_at": null
    }
},
{
    "model": "wagtailcore.pagerevision",
    "pk": 12,
    "fields": {
        "page": 15,
        "submitted_for_moderation": false,
        "created_at": "2017-04-15T05:36:39.996Z",
        "user": 1,
        "content_json": "{\"live\": true, \"seo_title\": \"Alfa Romeo\", \"url_path\": \"/home/vasita/otomobil/alfa-romeo/\", \"pk\": 15, \"expired\": false, \"slug\": \"alfa-romeo\", \"depth\": 5, \"go_live_at\": null, \"title\": \"Alfa Romeo\", \"numchild\": 0, \"locked\": false, \"path\": \"00010001000200010003\", \"latest_revision_created_at\": null, \"has_unpublished_changes\": false, \"expire_at\": null, \"show_in_menus\": true, \"owner\": 1, \"content_type\": 11, \"intro\": \"<p>Alfa Romeo</p>\", \"search_description\": \"Alfa Romeo\", \"first_published_at\": null}",
        "approved_go_live_at": null
    }
},
{
    "model": "wagtailcore.page",
    "pk": 1,
    "fields": {
        "path": "0001",
        "depth": 1,
        "numchild": 1,
        "title": "Root",
        "slug": "root",
        "content_type": 1,
        "live": true,
        "has_unpublished_changes": false,
        "url_path": "/",
        "owner": null,
        "seo_title": "",
        "show_in_menus": false,
        "search_description": "",
        "go_live_at": null,
        "expire_at": null,
        "expired": false,
        "locked": false,
        "first_published_at": null,
        "latest_revision_created_at": null
    }
},
{
    "model": "wagtailcore.page",
    "pk": 3,
    "fields": {
        "path": "00010001",
        "depth": 2,
        "numchild": 1,
        "title": "Homepage",
        "slug": "home",
        "content_type": 3,
        "live": true,
        "has_unpublished_changes": false,
        "url_path": "/home/",
        "owner": null,
        "seo_title": "",
        "show_in_menus": false,
        "search_description": "",
        "go_live_at": null,
        "expire_at": null,
        "expired": false,
        "locked": false,
        "first_published_at": null,
        "latest_revision_created_at": null
    }
},
{
    "model": "wagtailcore.page",
    "pk": 4,
    "fields": {
        "path": "000100010002",
        "depth": 3,
        "numchild": 1,
        "title": "Vas\u0131ta",
        "slug": "vasita",
        "content_type": 11,
        "live": true,
        "has_unpublished_changes": false,
        "url_path": "/home/vasita/",
        "owner": 1,
        "seo_title": "Vas\u0131ta",
        "show_in_menus": false,
        "search_description": "Vas\u0131ta",
        "go_live_at": null,
        "expire_at": null,
        "expired": false,
        "locked": false,
        "first_published_at": "2017-04-15T04:51:52.375Z",
        "latest_revision_created_at": "2017-04-15T04:51:52.320Z"
    }
},
{
    "model": "wagtailcore.page",
    "pk": 5,
    "fields": {
        "path": "0001000100020001",
        "depth": 4,
        "numchild": 3,
        "title": "Otomobil",
        "slug": "otomobil",
        "content_type": 11,
        "live": true,
        "has_unpublished_changes": false,
        "url_path": "/home/vasita/otomobil/",
        "owner": 1,
        "seo_title": "Otomobil",
        "show_in_menus": false,
        "search_description": "Otomobil",
        "go_live_at": null,
        "expire_at": null,
        "expired": false,
        "locked": false,
        "first_published_at": "2017-04-15T04:52:35.856Z",
        "latest_revision_created_at": "2017-04-15T04:52:35.817Z"
    }
},
{
    "model": "wagtailcore.page",
    "pk": 6,
    "fields": {
        "path": "00010001000200010001",
        "depth": 5,
        "numchild": 2,
        "title": "Renault",
        "slug": "renault",
        "content_type": 11,
        "live": true,
        "has_unpublished_changes": false,
        "url_path": "/home/vasita/otomobil/renault/",
        "owner": 1,
        "seo_title": "Renault",
        "show_in_menus": false,
        "search_description": "Renault",
        "go_live_at": null,
        "expire_at": null,
        "expired": false,
        "locked": false,
        "first_published_at": "2017-04-15T04:53:18.336Z",
        "latest_revision_created_at": "2017-04-15T04:53:18.291Z"
    }
},
{
    "model": "wagtailcore.page",
    "pk": 7,
    "fields": {
        "path": "000100010002000100010001",
        "depth": 6,
        "numchild": 3,
        "title": "Clio",
        "slug": "clio",
        "content_type": 11,
        "live": true,
        "has_unpublished_changes": false,
        "url_path": "/home/vasita/otomobil/renault/clio/",
        "owner": 1,
        "seo_title": "Clio",
        "show_in_menus": false,
        "search_description": "Clio",
        "go_live_at": null,
        "expire_at": null,
        "expired": false,
        "locked": false,
        "first_published_at": "2017-04-15T04:54:11.569Z",
        "latest_revision_created_at": "2017-04-15T04:54:11.514Z"
    }
},
{
    "model": "wagtailcore.page",
    "pk": 8,
    "fields": {
        "path": "0001000100020001000100010001",
        "depth": 7,
        "numchild": 0,
        "title": "2011 MODEL D\u0130ZEL C\u0130LO SERV\u0130S BAKIMLI",
        "slug": "2011-model-dizel-cilo-servis-bakimli",
        "content_type": 10,
        "live": true,
        "has_unpublished_changes": false,
        "url_path": "/home/vasita/otomobil/renault/clio/2011-model-dizel-cilo-servis-bakimli/",
        "owner": 1,
        "seo_title": "",
        "show_in_menus": false,
        "search_description": "",
        "go_live_at": null,
        "expire_at": null,
        "expired": false,
        "locked": false,
        "first_published_at": "2017-04-15T04:56:35.039Z",
        "latest_revision_created_at": "2017-04-15T04:56:34.962Z"
    }
},
{
    "model": "wagtailcore.page",
    "pk": 9,
    "fields": {
        "path": "000100010002000100010002",
        "depth": 6,
        "numchild": 1,
        "title": "Fluence",
        "slug": "fluence",
        "content_type": 11,
        "live": true,
        "has_unpublished_changes": false,
        "url_path": "/home/vasita/otomobil/renault/fluence/",
        "owner": 1,
        "seo_title": "Fluence",
        "show_in_menus": false,
        "search_description": "Fluence",
        "go_live_at": null,
        "expire_at": null,
        "expired": false,
        "locked": false,
        "first_published_at": "2017-04-15T04:57:28.403Z",
        "latest_revision_created_at": "2017-04-15T04:57:28.358Z"
    }
},
{
    "model": "wagtailcore.page",
    "pk": 10,
    "fields": {
        "path": "0001000100020001000100020001",
        "depth": 7,
        "numchild": 0,
        "title": "KAREN RENAULT'DAN 2011 MODEL FLUENCE 1.5 PR\u0130V\u0130LEGE DC\u0130",
        "slug": "karen-renaultdan-2011-model-fluence-15-privilege-dci",
        "content_type": 10,
        "live": true,
        "has_unpublished_changes": false,
        "url_path": "/home/vasita/otomobil/renault/fluence/karen-renaultdan-2011-model-fluence-15-privilege-dci/",
        "owner": 1,
        "seo_title": "",
        "show_in_menus": false,
        "search_description": "",
        "go_live_at": null,
        "expire_at": null,
        "expired": false,
        "locked": false,
        "first_published_at": "2017-04-15T05:00:00.860Z",
        "latest_revision_created_at": "2017-04-15T05:00:00.797Z"
    }
},
{
    "model": "wagtailcore.page",
    "pk": 11,
    "fields": {
        "path": "0001000100020001000100010002",
        "depth": 7,
        "numchild": 0,
        "title": "SUAT PLAZA'DAN 2013 Clio .6 130 Ps \u0130CON 6 \u0130LER\u0130 56.000",
        "slug": "suat-plazadan-2013-clio-6-130-ps-icon-6-ileri-56000",
        "content_type": 10,
        "live": true,
        "has_unpublished_changes": false,
        "url_path": "/home/vasita/otomobil/renault/clio/suat-plazadan-2013-clio-6-130-ps-icon-6-ileri-56000/",
        "owner": 1,
        "seo_title": "",
        "show_in_menus": false,
        "search_description": "",
        "go_live_at": null,
        "expire_at": null,
        "expired": false,
        "locked": false,
        "first_published_at": "2017-04-15T05:06:11.656Z",
        "latest_revision_created_at": "2017-04-15T05:06:11.581Z"
    }
},
{
    "model": "wagtailcore.page",
    "pk": 12,
    "fields": {
        "path": "0001000100020001000100010003",
        "depth": 7,
        "numchild": 0,
        "title": "Ahmet RENAULT'DAN 2011 MODEL Clio 1.5",
        "slug": "ahmet-renaultdan-2011-model-clio-15",
        "content_type": 10,
        "live": true,
        "has_unpublished_changes": false,
        "url_path": "/home/vasita/otomobil/renault/clio/ahmet-renaultdan-2011-model-clio-15/",
        "owner": 1,
        "seo_title": "",
        "show_in_menus": false,
        "search_description": "",
        "go_live_at": null,
        "expire_at": null,
        "expired": false,
        "locked": false,
        "first_published_at": "2017-04-15T05:10:18.981Z",
        "latest_revision_created_at": "2017-04-15T05:10:18.914Z"
    }
},
{
    "model": "wagtailcore.page",
    "pk": 13,
    "fields": {
        "path": "00010001000200010002",
        "depth": 5,
        "numchild": 0,
        "title": "Ford",
        "slug": "ford",
        "content_type": 11,
        "live": true,
        "has_unpublished_changes": false,
        "url_path": "/home/vasita/otomobil/ford/",
        "owner": 1,
        "seo_title": "Ford",
        "show_in_menus": false,
        "search_description": "Ford",
        "go_live_at": null,
        "expire_at": null,
        "expired": false,
        "locked": false,
        "first_published_at": "2017-04-15T05:11:36.441Z",
        "latest_revision_created_at": "2017-04-15T05:11:36.386Z"
    }
},
{
    "model": "wagtailcore.page",
    "pk": 15,
    "fields": {
        "path": "00010001000200010003",
        "depth": 5,
        "numchild": 0,
        "title": "Alfa Romeo",
        "slug": "alfa-romeo",
        "content_type": 11,
        "live": true,
        "has_unpublished_changes": false,
        "url_path": "/home/vasita/otomobil/alfa-romeo/",
        "owner": 1,
        "seo_title": "Alfa Romeo",
        "show_in_menus": true,
        "search_description": "Alfa Romeo",
        "go_live_at": null,
        "expire_at": null,
        "expired": false,
        "locked": false,
        "first_published_at": "2017-04-15T05:36:40.050Z",
        "latest_revision_created_at": "2017-04-15T05:36:39.996Z"
    }
},
{
    "model": "wagtailimages.image",
    "pk": 1,
    "fields": {
        "collection": 1,
        "title": "Clio",
        "file": "original_images/Alvino-Mobilya_Milenyum_zigon-sehpa.com-02.jpg",
        "width": 599,
        "height": 800,
        "created_at": "2017-04-15T04:56:14.526Z",
        "uploaded_by_user": 1,
        "focal_point_x": null,
        "focal_point_y": null,
        "focal_point_width": null,
        "focal_point_height": null,
        "file_size": null
    }
},
{
    "model": "wagtailimages.image",
    "pk": 2,
    "fields": {
        "collection": 1,
        "title": "Clio 1",
        "file": "original_images/Alvino-Mobilya_Milenyum_zigon-sehpa.com-06.jpg",
        "width": 599,
        "height": 800,
        "created_at": "2017-04-15T04:56:30.633Z",
        "uploaded_by_user": 1,
        "focal_point_x": null,
        "focal_point_y": null,
        "focal_point_width": null,
        "focal_point_height": null,
        "file_size": null
    }
},
{
    "model": "wagtailimages.image",
    "pk": 3,
    "fields": {
        "collection": 1,
        "title": "Flu",
        "file": "original_images/Alcin-Servis-Sehpasi_Alvino-Mobilya_zigon-sehpa.com-06.jpg",
        "width": 800,
        "height": 1067,
        "created_at": "2017-04-15T04:59:37.396Z",
        "uploaded_by_user": 1,
        "focal_point_x": null,
        "focal_point_y": null,
        "focal_point_width": null,
        "focal_point_height": null,
        "file_size": null
    }
},
{
    "model": "wagtailimages.image",
    "pk": 4,
    "fields": {
        "collection": 1,
        "title": "Bella",
        "file": "original_images/Bella-Servis-Sehpasi_Alvino-Mobilya_zigon-sehpa.com-01.jpg",
        "width": 800,
        "height": 599,
        "created_at": "2017-04-15T04:59:56.931Z",
        "uploaded_by_user": 1,
        "focal_point_x": null,
        "focal_point_y": null,
        "focal_point_width": null,
        "focal_point_height": null,
        "file_size": null
    }
},
{
    "model": "wagtailimages.image",
    "pk": 5,
    "fields": {
        "collection": 1,
        "title": "Clio bbgbg",
        "file": "original_images/Alvino-Mobilya_Milenyum_zigon-sehpa.com-03.jpg",
        "width": 599,
        "height": 800,
        "created_at": "2017-04-15T05:05:46.724Z",
        "uploaded_by_user": 1,
        "focal_point_x": null,
        "focal_point_y": null,
        "focal_point_width": null,
        "focal_point_height": null,
        "file_size": null
    }
},
{
    "model": "wagtailimages.image",
    "pk": 6,
    "fields": {
        "collection": 1,
        "title": "egrgreg",
        "file": "original_images/Fasulye-Orta-Sehpa_Alvino-Mobilya_zigon-sehpa.com-03.jpg",
        "width": 1067,
        "height": 800,
        "created_at": "2017-04-15T05:06:06.998Z",
        "uploaded_by_user": 1,
        "focal_point_x": null,
        "focal_point_y": null,
        "focal_point_width": null,
        "focal_point_height": null,
        "file_size": null
    }
},
{
    "model": "wagtailimages.image",
    "pk": 7,
    "fields": {
        "collection": 1,
        "title": "ewer",
        "file": "original_images/City-Orta-Sehpa_Alvino-Mobilya_zigon-sehpa.com-04.jpg",
        "width": 800,
        "height": 599,
        "created_at": "2017-04-15T05:10:13.778Z",
        "uploaded_by_user": 1,
        "focal_point_x": null,
        "focal_point_y": null,
        "focal_point_width": null,
        "focal_point_height": null,
        "file_size": null
    }
},
{
    "model": "blog.blogpage",
    "pk": 8,
    "fields": {
        "date": "2017-04-15",
        "intro": "SUAT PLAZA'DAN 2013 FLUANCE1.6 130 Ps \u0130CON 6 \u0130LER\u0130 56.000",
        "body": "<p>SUAT PLAZA'DAN 2013 FLUANCE1.6 130 Ps \u0130CON 6 \u0130LER\u0130 56.000<br/></p>",
        "categories": []
    }
},
{
    "model": "blog.blogpage",
    "pk": 10,
    "fields": {
        "date": "2017-04-15",
        "intro": "KAREN RENAULT'DAN 2011 MODEL FLUENCE 1.5 P",
        "body": "<p>KAREN RENAULT'DAN 2011 MODEL FLUENCE 1.5 P</p>",
        "categories": []
    }
},
{
    "model": "blog.blogpage",
    "pk": 11,
    "fields": {
        "date": "2017-04-15",
        "intro": "2013 Clio .6 130 Ps \u0130C",
        "body": "<p>2013 Clio .6 130 Ps \u0130C</p>",
        "categories": []
    }
},
{
    "model": "blog.blogpage",
    "pk": 12,
    "fields": {
        "date": "2017-04-15",
        "intro": "Ahmet RENAULT'DAN 2011 MODEL Clio 1.5",
        "body": "<p>Ahmet RENAULT'DAN 2011 MODEL Clio 1.5</p>",
        "categories": []
    }
},
{
    "model": "blog.blogindexpage",
    "pk": 4,
    "fields": {
        "intro": "<p>Vas\u0131talar</p>"
    }
},
{
    "model": "blog.blogindexpage",
    "pk": 5,
    "fields": {
        "intro": "<p>Otomobil</p>"
    }
},
{
    "model": "blog.blogindexpage",
    "pk": 6,
    "fields": {
        "intro": "<p>Renault<br/></p>"
    }
},
{
    "model": "blog.blogindexpage",
    "pk": 7,
    "fields": {
        "intro": "<p>Clio</p>"
    }
},
{
    "model": "blog.blogindexpage",
    "pk": 9,
    "fields": {
        "intro": "<p>Fluence</p>"
    }
},
{
    "model": "blog.blogindexpage",
    "pk": 13,
    "fields": {
        "intro": "<p>Ford</p>"
    }
},
{
    "model": "blog.blogindexpage",
    "pk": 15,
    "fields": {
        "intro": "<p>Alfa Romeo</p>"
    }
},
{
    "model": "home.homepage",
    "pk": 3,
    "fields": {
        "body": ""
    }
}
]
