[
{
  "model": "blog.blogpagetag",
  "pk": 1,
  "fields": {
    "tag": 1,
    "content_object": 8
  }
},
{
  "model": "blog.blogpagetag",
  "pk": 2,
  "fields": {
    "tag": 2,
    "content_object": 8
  }
},
{
  "model": "blog.blogpagetag",
  "pk": 3,
  "fields": {
    "tag": 3,
    "content_object": 8
  }
},
{
  "model": "blog.blogpagetag",
  "pk": 4,
  "fields": {
    "tag": 2,
    "content_object": 10
  }
},
{
  "model": "blog.blogpagegalleryimage",
  "pk": 1,
  "fields": {
    "sort_order": 0,
    "page": 8,
    "image": 1,
    "caption": ""
  }
},
{
  "model": "blog.blogpagegalleryimage",
  "pk": 2,
  "fields": {
    "sort_order": 1,
    "page": 8,
    "image": 2,
    "caption": ""
  }
},
{
  "model": "blog.blogpagegalleryimage",
  "pk": 3,
  "fields": {
    "sort_order": 0,
    "page": 10,
    "image": 3,
    "caption": ""
  }
},
{
  "model": "blog.blogpagegalleryimage",
  "pk": 4,
  "fields": {
    "sort_order": 1,
    "page": 10,
    "image": 4,
    "caption": ""
  }
},
{
  "model": "blog.blogpagegalleryimage",
  "pk": 5,
  "fields": {
    "sort_order": 0,
    "page": 11,
    "image": 5,
    "caption": ""
  }
},
{
  "model": "blog.blogpagegalleryimage",
  "pk": 6,
  "fields": {
    "sort_order": 1,
    "page": 11,
    "image": 6,
    "caption": ""
  }
},
{
  "model": "blog.blogpagegalleryimage",
  "pk": 7,
  "fields": {
    "sort_order": 0,
    "page": 12,
    "image": 7,
    "caption": ""
  }
},
{
  "model": "wagtailcore.site",
  "pk": 2,
  "fields": {
    "hostname": "localhost",
    "port": 80,
    "site_name": null,
    "root_page": 3,
    "is_default_site": true
  }
},
{
  "model": "wagtailcore.collection",
  "pk": 1,
  "fields": {
    "path": "0001",
    "depth": 1,
    "numchild": 0,
    "name": "Root"
  }
},
{
  "model": "taggit.tag",
  "pk": 1,
  "fields": {
    "name": "clio",
    "slug": "clio"
  }
},
{
  "model": "taggit.tag",
  "pk": 2,
  "fields": {
    "name": "fluence",
    "slug": "fluence"
  }
},
{
  "model": "taggit.tag",
  "pk": 3,
  "fields": {
    "name": "renault",
    "slug": "renault"
  }
},
{
  "model": "auth.group",
  "pk": 1,
  "fields": {
    "name": "Moderators",
    "permissions": [
      [
        "access_admin",
        "wagtailadmin",
        "admin"
      ],
      [
        "add_document",
        "wagtaildocs",
        "document"
      ],
      [
        "change_document",
        "wagtaildocs",
        "document"
      ],
      [
        "delete_document",
        "wagtaildocs",
        "document"
      ],
      [
        "add_image",
        "wagtailimages",
        "image"
      ],
      [
        "change_image",
        "wagtailimages",
        "image"
      ],
      [
        "delete_image",
        "wagtailimages",
        "image"
      ]
    ]
  }
},
{
  "model": "auth.group",
  "pk": 2,
  "fields": {
    "name": "Editors",
    "permissions": [
      [
        "access_admin",
        "wagtailadmin",
        "admin"
      ],
      [
        "add_document",
        "wagtaildocs",
        "document"
      ],
      [
        "change_document",
        "wagtaildocs",
        "document"
      ],
      [
        "delete_document",
        "wagtaildocs",
        "document"
      ],
      [
        "add_image",
        "wagtailimages",
        "image"
      ],
      [
        "change_image",
        "wagtailimages",
        "image"
      ],
      [
        "delete_image",
        "wagtailimages",
        "image"
      ]
    ]
  }
},
{
  "model": "auth.user",
  "pk": 1,
  "fields": {
    "password": "pbkdf2_sha256$30000$ceDAroXcNgXU$L67TbAfEc5LSoC6/3IemorM4h9lLQbvxJUDCflfkRfw=",
    "last_login": "2017-04-15T05:46:35.103Z",
    "is_superuser": true,
    "username": "leon",
    "first_name": "",
    "last_name": "",
    "email": "",
    "is_staff": true,
    "is_active": true,
    "date_joined": "2017-04-15T04:50:27.465Z",
    "groups": [],
    "user_permissions": []
  }
},
{
  "model": "wagtailcore.grouppagepermission",
  "pk": 1,
  "fields": {
    "group": [
      "Moderators"
    ],
    "page": 1,
    "permission_type": "add"
  }
},
{
  "model": "wagtailcore.grouppagepermission",
  "pk": 2,
  "fields": {
    "group": [
      "Moderators"
    ],
    "page": 1,
    "permission_type": "edit"
  }
},
{
  "model": "wagtailcore.grouppagepermission",
  "pk": 3,
  "fields": {
    "group": [
      "Moderators"
    ],
    "page": 1,
    "permission_type": "publish"
  }
},
{
  "model": "wagtailcore.grouppagepermission",
  "pk": 4,
  "fields": {
    "group": [
      "Editors"
    ],
    "page": 1,
    "permission_type": "add"
  }
},
{
  "model": "wagtailcore.grouppagepermission",
  "pk": 5,
  "fields": {
    "group": [
      "Editors"
    ],
    "page": 1,
    "permission_type": "edit"
  }
},
{
  "model": "wagtailcore.grouppagepermission",
  "pk": 6,
  "fields": {
    "group": [
      "Moderators"
    ],
    "page": 1,
    "permission_type": "lock"
  }
},
{
  "model": "wagtailcore.page",
  "pk": 1,
  "fields": {
    "path": "0001",
    "depth": 1,
    "numchild": 1,
    "title": "Root",
    "slug": "root",
    "content_type": [
      "wagtailcore",
      "page"
    ],
    "live": true,
    "has_unpublished_changes": false,
    "url_path": "/",
    "owner": null,
    "seo_title": "",
    "show_in_menus": false,
    "search_description": "",
    "go_live_at": null,
    "expire_at": null,
    "expired": false,
    "locked": false,
    "first_published_at": null,
    "latest_revision_created_at": null
  }
},
{
  "model": "wagtailcore.page",
  "pk": 3,
  "fields": {
    "path": "00010001",
    "depth": 2,
    "numchild": 1,
    "title": "Homepage",
    "slug": "home",
    "content_type": [
      "home",
      "homepage"
    ],
    "live": true,
    "has_unpublished_changes": false,
    "url_path": "/home/",
    "owner": null,
    "seo_title": "",
    "show_in_menus": false,
    "search_description": "",
    "go_live_at": null,
    "expire_at": null,
    "expired": false,
    "locked": false,
    "first_published_at": null,
    "latest_revision_created_at": null
  }
},
{
  "model": "wagtailcore.page",
  "pk": 4,
  "fields": {
    "path": "000100010001",
    "depth": 3,
    "numchild": 1,
    "title": "Vas\u0131ta",
    "slug": "vasita",
    "content_type": [
      "blog",
      "blogindexpage"
    ],
    "live": true,
    "has_unpublished_changes": false,
    "url_path": "/home/vasita/",
    "owner": [
      "leon"
    ],
    "seo_title": "Vas\u0131ta",
    "show_in_menus": false,
    "search_description": "Vas\u0131ta",
    "go_live_at": null,
    "expire_at": null,
    "expired": false,
    "locked": false,
    "first_published_at": "2017-04-15T04:51:52.375Z",
    "latest_revision_created_at": "2017-04-15T04:51:52.320Z"
  }
},
{
  "model": "wagtailcore.page",
  "pk": 5,
  "fields": {
    "path": "0001000100010001",
    "depth": 4,
    "numchild": 4,
    "title": "Otomobil",
    "slug": "otomobil",
    "content_type": [
      "blog",
      "blogindexpage"
    ],
    "live": true,
    "has_unpublished_changes": false,
    "url_path": "/home/vasita/otomobil/",
    "owner": [
      "leon"
    ],
    "seo_title": "Otomobil",
    "show_in_menus": false,
    "search_description": "Otomobil",
    "go_live_at": null,
    "expire_at": null,
    "expired": false,
    "locked": false,
    "first_published_at": "2017-04-15T04:52:35.856Z",
    "latest_revision_created_at": "2017-04-15T04:52:35.817Z"
  }
},
{
  "model": "wagtailcore.page",
  "pk": 6,
  "fields": {
    "path": "00010001000100010003",
    "depth": 5,
    "numchild": 2,
    "title": "Renault",
    "slug": "renault",
    "content_type": [
      "blog",
      "blogindexpage"
    ],
    "live": true,
    "has_unpublished_changes": false,
    "url_path": "/home/vasita/otomobil/renault/",
    "owner": [
      "leon"
    ],
    "seo_title": "Renault",
    "show_in_menus": false,
    "search_description": "Renault",
    "go_live_at": null,
    "expire_at": null,
    "expired": false,
    "locked": false,
    "first_published_at": "2017-04-15T04:53:18.336Z",
    "latest_revision_created_at": "2017-04-15T04:53:18.291Z"
  }
},
{
  "model": "wagtailcore.page",
  "pk": 7,
  "fields": {
    "path": "000100010001000100030002",
    "depth": 6,
    "numchild": 3,
    "title": "Clio",
    "slug": "clio",
    "content_type": [
      "blog",
      "blogindexpage"
    ],
    "live": true,
    "has_unpublished_changes": false,
    "url_path": "/home/vasita/otomobil/renault/clio/",
    "owner": [
      "leon"
    ],
    "seo_title": "Clio",
    "show_in_menus": false,
    "search_description": "Clio",
    "go_live_at": null,
    "expire_at": null,
    "expired": false,
    "locked": false,
    "first_published_at": "2017-04-15T04:54:11.569Z",
    "latest_revision_created_at": "2017-04-15T04:54:11.514Z"
  }
},
{
  "model": "wagtailcore.page",
  "pk": 8,
  "fields": {
    "path": "0001000100010001000300020001",
    "depth": 7,
    "numchild": 0,
    "title": "2011 MODEL D\u0130ZEL C\u0130LO SERV\u0130S BAKIMLI",
    "slug": "2011-model-dizel-cilo-servis-bakimli",
    "content_type": [
      "blog",
      "blogpage"
    ],
    "live": true,
    "has_unpublished_changes": false,
    "url_path": "/home/vasita/otomobil/renault/clio/2011-model-dizel-cilo-servis-bakimli/",
    "owner": [
      "leon"
    ],
    "seo_title": "",
    "show_in_menus": false,
    "search_description": "",
    "go_live_at": null,
    "expire_at": null,
    "expired": false,
    "locked": false,
    "first_published_at": "2017-04-15T04:56:35.039Z",
    "latest_revision_created_at": "2017-04-15T04:56:34.962Z"
  }
},
{
  "model": "wagtailcore.page",
  "pk": 9,
  "fields": {
    "path": "000100010001000100030003",
    "depth": 6,
    "numchild": 1,
    "title": "Fluence",
    "slug": "fluence",
    "content_type": [
      "blog",
      "blogindexpage"
    ],
    "live": true,
    "has_unpublished_changes": false,
    "url_path": "/home/vasita/otomobil/renault/fluence/",
    "owner": [
      "leon"
    ],
    "seo_title": "Fluence",
    "show_in_menus": false,
    "search_description": "Fluence",
    "go_live_at": null,
    "expire_at": null,
    "expired": false,
    "locked": false,
    "first_published_at": "2017-04-15T04:57:28.403Z",
    "latest_revision_created_at": "2017-04-15T04:57:28.358Z"
  }
},
{
  "model": "wagtailcore.page",
  "pk": 10,
  "fields": {
    "path": "0001000100010001000300030001",
    "depth": 7,
    "numchild": 0,
    "title": "KAREN RENAULT'DAN 2011 MODEL FLUENCE 1.5 PR\u0130V\u0130LEGE DC\u0130",
    "slug": "karen-renaultdan-2011-model-fluence-15-privilege-dci",
    "content_type": [
      "blog",
      "blogpage"
    ],
    "live": true,
    "has_unpublished_changes": false,
    "url_path": "/home/vasita/otomobil/renault/fluence/karen-renaultdan-2011-model-fluence-15-privilege-dci/",
    "owner": [
      "leon"
    ],
    "seo_title": "",
    "show_in_menus": false,
    "search_description": "",
    "go_live_at": null,
    "expire_at": null,
    "expired": false,
    "locked": false,
    "first_published_at": "2017-04-15T05:00:00.860Z",
    "latest_revision_created_at": "2017-04-15T05:00:00.797Z"
  }
},
{
  "model": "wagtailcore.page",
  "pk": 11,
  "fields": {
    "path": "0001000100010001000300020002",
    "depth": 7,
    "numchild": 0,
    "title": "SUAT PLAZA'DAN 2013 Clio .6 130 Ps \u0130CON 6 \u0130LER\u0130 56.000",
    "slug": "suat-plazadan-2013-clio-6-130-ps-icon-6-ileri-56000",
    "content_type": [
      "blog",
      "blogpage"
    ],
    "live": true,
    "has_unpublished_changes": false,
    "url_path": "/home/vasita/otomobil/renault/clio/suat-plazadan-2013-clio-6-130-ps-icon-6-ileri-56000/",
    "owner": [
      "leon"
    ],
    "seo_title": "",
    "show_in_menus": false,
    "search_description": "",
    "go_live_at": null,
    "expire_at": null,
    "expired": false,
    "locked": false,
    "first_published_at": "2017-04-15T05:06:11.656Z",
    "latest_revision_created_at": "2017-04-15T05:06:11.581Z"
  }
},
{
  "model": "wagtailcore.page",
  "pk": 12,
  "fields": {
    "path": "0001000100010001000300020003",
    "depth": 7,
    "numchild": 0,
    "title": "Ahmet RENAULT'DAN 2011 MODEL Clio 1.5",
    "slug": "ahmet-renaultdan-2011-model-clio-15",
    "content_type": [
      "blog",
      "blogpage"
    ],
    "live": true,
    "has_unpublished_changes": false,
    "url_path": "/home/vasita/otomobil/renault/clio/ahmet-renaultdan-2011-model-clio-15/",
    "owner": [
      "leon"
    ],
    "seo_title": "",
    "show_in_menus": false,
    "search_description": "",
    "go_live_at": null,
    "expire_at": null,
    "expired": false,
    "locked": false,
    "first_published_at": "2017-04-15T05:10:18.981Z",
    "latest_revision_created_at": "2017-04-15T05:10:18.914Z"
  }
},
{
  "model": "wagtailcore.page",
  "pk": 13,
  "fields": {
    "path": "00010001000100010002",
    "depth": 5,
    "numchild": 0,
    "title": "Ford",
    "slug": "ford",
    "content_type": [
      "blog",
      "blogindexpage"
    ],
    "live": true,
    "has_unpublished_changes": false,
    "url_path": "/home/vasita/otomobil/ford/",
    "owner": [
      "leon"
    ],
    "seo_title": "Ford",
    "show_in_menus": false,
    "search_description": "Ford",
    "go_live_at": null,
    "expire_at": null,
    "expired": false,
    "locked": false,
    "first_published_at": "2017-04-15T05:11:36.441Z",
    "latest_revision_created_at": "2017-04-15T05:11:36.386Z"
  }
},
{
  "model": "wagtailcore.page",
  "pk": 15,
  "fields": {
    "path": "00010001000100010001",
    "depth": 5,
    "numchild": 0,
    "title": "Alfa Romeo",
    "slug": "alfa-romeo",
    "content_type": [
      "blog",
      "blogindexpage"
    ],
    "live": true,
    "has_unpublished_changes": false,
    "url_path": "/home/vasita/otomobil/alfa-romeo/",
    "owner": [
      "leon"
    ],
    "seo_title": "Alfa Romeo",
    "show_in_menus": true,
    "search_description": "Alfa Romeo",
    "go_live_at": null,
    "expire_at": null,
    "expired": false,
    "locked": false,
    "first_published_at": "2017-04-15T05:36:40.050Z",
    "latest_revision_created_at": "2017-04-15T05:36:39.996Z"
  }
},
{
  "model": "wagtailcore.page",
  "pk": 16,
  "fields": {
    "path": "00010001000100010004",
    "depth": 5,
    "numchild": 0,
    "title": "Crysler",
    "slug": "crysler",
    "content_type": [
      "blog",
      "blogindexpage"
    ],
    "live": true,
    "has_unpublished_changes": false,
    "url_path": "/home/vasita/otomobil/crysler/",
    "owner": [
      "leon"
    ],
    "seo_title": "Crysler",
    "show_in_menus": true,
    "search_description": "Crysler",
    "go_live_at": null,
    "expire_at": null,
    "expired": false,
    "locked": false,
    "first_published_at": "2017-04-15T05:49:35.937Z",
    "latest_revision_created_at": "2017-04-15T05:49:35.884Z"
  }
},
{
  "model": "wagtailimages.image",
  "pk": 1,
  "fields": {
    "collection": 1,
    "title": "Clio",
    "file": "original_images/Alvino-Mobilya_Milenyum_zigon-sehpa.com-02.jpg",
    "width": 599,
    "height": 800,
    "created_at": "2017-04-15T04:56:14.526Z",
    "uploaded_by_user": [
      "leon"
    ],
    "focal_point_x": null,
    "focal_point_y": null,
    "focal_point_width": null,
    "focal_point_height": null,
    "file_size": null
  }
},
{
  "model": "wagtailimages.image",
  "pk": 2,
  "fields": {
    "collection": 1,
    "title": "Clio 1",
    "file": "original_images/Alvino-Mobilya_Milenyum_zigon-sehpa.com-06.jpg",
    "width": 599,
    "height": 800,
    "created_at": "2017-04-15T04:56:30.633Z",
    "uploaded_by_user": [
      "leon"
    ],
    "focal_point_x": null,
    "focal_point_y": null,
    "focal_point_width": null,
    "focal_point_height": null,
    "file_size": null
  }
},
{
  "model": "wagtailimages.image",
  "pk": 3,
  "fields": {
    "collection": 1,
    "title": "Flu",
    "file": "original_images/Alcin-Servis-Sehpasi_Alvino-Mobilya_zigon-sehpa.com-06.jpg",
    "width": 800,
    "height": 1067,
    "created_at": "2017-04-15T04:59:37.396Z",
    "uploaded_by_user": [
      "leon"
    ],
    "focal_point_x": null,
    "focal_point_y": null,
    "focal_point_width": null,
    "focal_point_height": null,
    "file_size": null
  }
},
{
  "model": "wagtailimages.image",
  "pk": 4,
  "fields": {
    "collection": 1,
    "title": "Bella",
    "file": "original_images/Bella-Servis-Sehpasi_Alvino-Mobilya_zigon-sehpa.com-01.jpg",
    "width": 800,
    "height": 599,
    "created_at": "2017-04-15T04:59:56.931Z",
    "uploaded_by_user": [
      "leon"
    ],
    "focal_point_x": null,
    "focal_point_y": null,
    "focal_point_width": null,
    "focal_point_height": null,
    "file_size": null
  }
},
{
  "model": "wagtailimages.image",
  "pk": 5,
  "fields": {
    "collection": 1,
    "title": "Clio bbgbg",
    "file": "original_images/Alvino-Mobilya_Milenyum_zigon-sehpa.com-03.jpg",
    "width": 599,
    "height": 800,
    "created_at": "2017-04-15T05:05:46.724Z",
    "uploaded_by_user": [
      "leon"
    ],
    "focal_point_x": null,
    "focal_point_y": null,
    "focal_point_width": null,
    "focal_point_height": null,
    "file_size": null
  }
},
{
  "model": "wagtailimages.image",
  "pk": 6,
  "fields": {
    "collection": 1,
    "title": "egrgreg",
    "file": "original_images/Fasulye-Orta-Sehpa_Alvino-Mobilya_zigon-sehpa.com-03.jpg",
    "width": 1067,
    "height": 800,
    "created_at": "2017-04-15T05:06:06.998Z",
    "uploaded_by_user": [
      "leon"
    ],
    "focal_point_x": null,
    "focal_point_y": null,
    "focal_point_width": null,
    "focal_point_height": null,
    "file_size": null
  }
},
{
  "model": "wagtailimages.image",
  "pk": 7,
  "fields": {
    "collection": 1,
    "title": "ewer",
    "file": "original_images/City-Orta-Sehpa_Alvino-Mobilya_zigon-sehpa.com-04.jpg",
    "width": 800,
    "height": 599,
    "created_at": "2017-04-15T05:10:13.778Z",
    "uploaded_by_user": [
      "leon"
    ],
    "focal_point_x": null,
    "focal_point_y": null,
    "focal_point_width": null,
    "focal_point_height": null,
    "file_size": null
  }
},
{
  "model": "blog.blogpage",
  "pk": 8,
  "fields": {
    "date": "2017-04-15",
    "intro": "SUAT PLAZA'DAN 2013 FLUANCE1.6 130 Ps \u0130CON 6 \u0130LER\u0130 56.000",
    "body": "<p>SUAT PLAZA'DAN 2013 FLUANCE1.6 130 Ps \u0130CON 6 \u0130LER\u0130 56.000<br/></p>",
    "categories": []
  }
},
{
  "model": "blog.blogpage",
  "pk": 10,
  "fields": {
    "date": "2017-04-15",
    "intro": "KAREN RENAULT'DAN 2011 MODEL FLUENCE 1.5 P",
    "body": "<p>KAREN RENAULT'DAN 2011 MODEL FLUENCE 1.5 P</p>",
    "categories": []
  }
},
{
  "model": "blog.blogpage",
  "pk": 11,
  "fields": {
    "date": "2017-04-15",
    "intro": "2013 Clio .6 130 Ps \u0130C",
    "body": "<p>2013 Clio .6 130 Ps \u0130C</p>",
    "categories": []
  }
},
{
  "model": "blog.blogpage",
  "pk": 12,
  "fields": {
    "date": "2017-04-15",
    "intro": "Ahmet RENAULT'DAN 2011 MODEL Clio 1.5",
    "body": "<p>Ahmet RENAULT'DAN 2011 MODEL Clio 1.5</p>",
    "categories": []
  }
},
{
  "model": "blog.blogindexpage",
  "pk": 4,
  "fields": {
    "intro": "<p>Vas\u0131talar</p>"
  }
},
{
  "model": "blog.blogindexpage",
  "pk": 5,
  "fields": {
    "intro": "<p>Otomobil</p>"
  }
},
{
  "model": "blog.blogindexpage",
  "pk": 6,
  "fields": {
    "intro": "<p>Renault<br/></p>"
  }
},
{
  "model": "blog.blogindexpage",
  "pk": 7,
  "fields": {
    "intro": "<p>Clio</p>"
  }
},
{
  "model": "blog.blogindexpage",
  "pk": 9,
  "fields": {
    "intro": "<p>Fluence</p>"
  }
},
{
  "model": "blog.blogindexpage",
  "pk": 13,
  "fields": {
    "intro": "<p>Ford</p>"
  }
},
{
  "model": "blog.blogindexpage",
  "pk": 15,
  "fields": {
    "intro": "<p>Alfa Romeo</p>"
  }
},
{
  "model": "blog.blogindexpage",
  "pk": 16,
  "fields": {
    "intro": "<p>Crysler</p>"
  }
},
{
  "model": "home.homepage",
  "pk": 3,
  "fields": {
    "body": ""
  }
}
]
