[
{
    "model": "blog.blogpagetag",
    "pk": 7,
    "fields": {
        "tag": 8,
        "content_object": 8
    }
},
{
    "model": "blog.blogpagetag",
    "pk": 8,
    "fields": {
        "tag": 11,
        "content_object": 8
    }
},
{
    "model": "blog.blogpagetag",
    "pk": 9,
    "fields": {
        "tag": 8,
        "content_object": 5
    }
},
{
    "model": "blog.blogpagetag",
    "pk": 10,
    "fields": {
        "tag": 9,
        "content_object": 5
    }
},
{
    "model": "blog.blogpagetag",
    "pk": 11,
    "fields": {
        "tag": 7,
        "content_object": 5
    }
},
{
    "model": "blog.blogpagetag",
    "pk": 12,
    "fields": {
        "tag": 8,
        "content_object": 6
    }
},
{
    "model": "blog.blogpagetag",
    "pk": 13,
    "fields": {
        "tag": 9,
        "content_object": 6
    }
},
{
    "model": "blog.blogpagetag",
    "pk": 14,
    "fields": {
        "tag": 10,
        "content_object": 6
    }
},
{
    "model": "blog.blogpagetag",
    "pk": 15,
    "fields": {
        "tag": 13,
        "content_object": 26
    }
},
{
    "model": "blog.blogpagetag",
    "pk": 16,
    "fields": {
        "tag": 14,
        "content_object": 27
    }
},
{
    "model": "blog.blogpagetag",
    "pk": 17,
    "fields": {
        "tag": 15,
        "content_object": 28
    }
},
{
    "model": "blog.blogpagegalleryimage",
    "pk": 1,
    "fields": {
        "sort_order": 0,
        "page": 6,
        "image": 2,
        "caption": ""
    }
},
{
    "model": "blog.blogpagegalleryimage",
    "pk": 2,
    "fields": {
        "sort_order": 1,
        "page": 6,
        "image": 1,
        "caption": ""
    }
},
{
    "model": "blog.blogpagegalleryimage",
    "pk": 3,
    "fields": {
        "sort_order": 2,
        "page": 6,
        "image": 3,
        "caption": ""
    }
},
{
    "model": "blog.blogpagegalleryimage",
    "pk": 4,
    "fields": {
        "sort_order": 0,
        "page": 5,
        "image": 4,
        "caption": ""
    }
},
{
    "model": "blog.blogpagegalleryimage",
    "pk": 5,
    "fields": {
        "sort_order": 1,
        "page": 5,
        "image": 5,
        "caption": ""
    }
},
{
    "model": "blog.blogpagegalleryimage",
    "pk": 6,
    "fields": {
        "sort_order": 2,
        "page": 5,
        "image": 6,
        "caption": ""
    }
},
{
    "model": "blog.blogpagegalleryimage",
    "pk": 7,
    "fields": {
        "sort_order": 0,
        "page": 8,
        "image": 5,
        "caption": ""
    }
},
{
    "model": "blog.blogpagegalleryimage",
    "pk": 8,
    "fields": {
        "sort_order": 0,
        "page": 26,
        "image": 7,
        "caption": ""
    }
},
{
    "model": "blog.blogpagegalleryimage",
    "pk": 9,
    "fields": {
        "sort_order": 0,
        "page": 27,
        "image": 5,
        "caption": ""
    }
},
{
    "model": "blog.blogpagegalleryimage",
    "pk": 10,
    "fields": {
        "sort_order": 1,
        "page": 27,
        "image": 2,
        "caption": ""
    }
},
{
    "model": "blog.blogpagegalleryimage",
    "pk": 11,
    "fields": {
        "sort_order": 0,
        "page": 28,
        "image": 6,
        "caption": ""
    }
},
{
    "model": "blog.blogpagegalleryimage",
    "pk": 12,
    "fields": {
        "sort_order": 0,
        "page": 30,
        "image": 6,
        "caption": ""
    }
},
{
    "model": "blog.blogcategory",
    "pk": 1,
    "fields": {
        "name": "Blog",
        "icon": 7
    }
},
{
    "model": "blog.blogcategory",
    "pk": 2,
    "fields": {
        "name": "Events",
        "icon": 6
    }
},
{
    "model": "wagtailimages.rendition",
    "pk": 1,
    "fields": {
        "filter_spec": "max-165x165",
        "file": "images/Desert.max-165x165.jpg",
        "width": 165,
        "height": 123,
        "focal_point_key": "",
        "image": 1
    }
},
{
    "model": "wagtailimages.rendition",
    "pk": 2,
    "fields": {
        "filter_spec": "max-165x165",
        "file": "images/Lighthouse.max-165x165.jpg",
        "width": 165,
        "height": 123,
        "focal_point_key": "",
        "image": 2
    }
},
{
    "model": "wagtailimages.rendition",
    "pk": 3,
    "fields": {
        "filter_spec": "max-165x165",
        "file": "images/Penguins.max-165x165.jpg",
        "width": 165,
        "height": 123,
        "focal_point_key": "",
        "image": 3
    }
},
{
    "model": "wagtailimages.rendition",
    "pk": 4,
    "fields": {
        "filter_spec": "fill-320x240",
        "file": "images/Lighthouse.2e16d0ba.fill-320x240.jpg",
        "width": 320,
        "height": 240,
        "focal_point_key": "2e16d0ba",
        "image": 2
    }
},
{
    "model": "wagtailimages.rendition",
    "pk": 5,
    "fields": {
        "filter_spec": "fill-320x240",
        "file": "images/Desert.2e16d0ba.fill-320x240.jpg",
        "width": 320,
        "height": 240,
        "focal_point_key": "2e16d0ba",
        "image": 1
    }
},
{
    "model": "wagtailimages.rendition",
    "pk": 6,
    "fields": {
        "filter_spec": "fill-320x240",
        "file": "images/Penguins.2e16d0ba.fill-320x240.jpg",
        "width": 320,
        "height": 240,
        "focal_point_key": "2e16d0ba",
        "image": 3
    }
},
{
    "model": "wagtailimages.rendition",
    "pk": 7,
    "fields": {
        "filter_spec": "fill-160x100",
        "file": "images/Lighthouse.2e16d0ba.fill-160x100.jpg",
        "width": 160,
        "height": 100,
        "focal_point_key": "2e16d0ba",
        "image": 2
    }
},
{
    "model": "wagtailimages.rendition",
    "pk": 8,
    "fields": {
        "filter_spec": "max-165x165",
        "file": "images/Jellyfish.max-165x165.jpg",
        "width": 165,
        "height": 123,
        "focal_point_key": "",
        "image": 4
    }
},
{
    "model": "wagtailimages.rendition",
    "pk": 9,
    "fields": {
        "filter_spec": "max-165x165",
        "file": "images/Koala.max-165x165.jpg",
        "width": 165,
        "height": 123,
        "focal_point_key": "",
        "image": 5
    }
},
{
    "model": "wagtailimages.rendition",
    "pk": 10,
    "fields": {
        "filter_spec": "max-165x165",
        "file": "images/Tulips.max-165x165.jpg",
        "width": 165,
        "height": 123,
        "focal_point_key": "",
        "image": 6
    }
},
{
    "model": "wagtailimages.rendition",
    "pk": 11,
    "fields": {
        "filter_spec": "fill-160x100",
        "file": "images/Jellyfish.2e16d0ba.fill-160x100.jpg",
        "width": 160,
        "height": 100,
        "focal_point_key": "2e16d0ba",
        "image": 4
    }
},
{
    "model": "wagtailimages.rendition",
    "pk": 12,
    "fields": {
        "filter_spec": "fill-320x240",
        "file": "images/Jellyfish.2e16d0ba.fill-320x240.jpg",
        "width": 320,
        "height": 240,
        "focal_point_key": "2e16d0ba",
        "image": 4
    }
},
{
    "model": "wagtailimages.rendition",
    "pk": 13,
    "fields": {
        "filter_spec": "fill-320x240",
        "file": "images/Koala.2e16d0ba.fill-320x240.jpg",
        "width": 320,
        "height": 240,
        "focal_point_key": "2e16d0ba",
        "image": 5
    }
},
{
    "model": "wagtailimages.rendition",
    "pk": 14,
    "fields": {
        "filter_spec": "fill-320x240",
        "file": "images/Tulips.2e16d0ba.fill-320x240.jpg",
        "width": 320,
        "height": 240,
        "focal_point_key": "2e16d0ba",
        "image": 6
    }
},
{
    "model": "wagtailimages.rendition",
    "pk": 15,
    "fields": {
        "filter_spec": "fill-160x100",
        "file": "images/Koala.2e16d0ba.fill-160x100.jpg",
        "width": 160,
        "height": 100,
        "focal_point_key": "2e16d0ba",
        "image": 5
    }
},
{
    "model": "wagtailimages.rendition",
    "pk": 16,
    "fields": {
        "filter_spec": "max-165x165",
        "file": "images/Chrysanthemum.max-165x165.jpg",
        "width": 165,
        "height": 123,
        "focal_point_key": "",
        "image": 7
    }
},
{
    "model": "wagtailimages.rendition",
    "pk": 17,
    "fields": {
        "filter_spec": "fill-32x32",
        "file": "images/Chrysanthemum.2e16d0ba.fill-32x32.jpg",
        "width": 32,
        "height": 32,
        "focal_point_key": "2e16d0ba",
        "image": 7
    }
},
{
    "model": "wagtailimages.rendition",
    "pk": 18,
    "fields": {
        "filter_spec": "fill-32x32",
        "file": "images/Tulips.2e16d0ba.fill-32x32.jpg",
        "width": 32,
        "height": 32,
        "focal_point_key": "2e16d0ba",
        "image": 6
    }
},
{
    "model": "wagtailimages.rendition",
    "pk": 19,
    "fields": {
        "filter_spec": "fill-320x240",
        "file": "images/Chrysanthemum.2e16d0ba.fill-320x240.jpg",
        "width": 320,
        "height": 240,
        "focal_point_key": "2e16d0ba",
        "image": 7
    }
},
{
    "model": "wagtailimages.rendition",
    "pk": 20,
    "fields": {
        "filter_spec": "fill-160x100",
        "file": "images/Chrysanthemum.2e16d0ba.fill-160x100.jpg",
        "width": 160,
        "height": 100,
        "focal_point_key": "2e16d0ba",
        "image": 7
    }
},
{
    "model": "wagtailimages.rendition",
    "pk": 21,
    "fields": {
        "filter_spec": "fill-160x100",
        "file": "images/Tulips.2e16d0ba.fill-160x100.jpg",
        "width": 160,
        "height": 100,
        "focal_point_key": "2e16d0ba",
        "image": 6
    }
},
{
    "model": "wagtailcore.site",
    "pk": 2,
    "fields": {
        "hostname": "localhost",
        "port": 80,
        "site_name": null,
        "root_page": 3,
        "is_default_site": true
    }
},
{
    "model": "wagtailcore.collection",
    "pk": 1,
    "fields": {
        "path": "0001",
        "depth": 1,
        "numchild": 0,
        "name": "Root"
    }
},
{
    "model": "taggit.tag",
    "pk": 1,
    "fields": {
        "name": "desert",
        "slug": "desert"
    }
},
{
    "model": "taggit.tag",
    "pk": 2,
    "fields": {
        "name": "Lighthouse",
        "slug": "lighthouse"
    }
},
{
    "model": "taggit.tag",
    "pk": 3,
    "fields": {
        "name": "Penguins",
        "slug": "penguins"
    }
},
{
    "model": "taggit.tag",
    "pk": 4,
    "fields": {
        "name": "Jellyfish",
        "slug": "jellyfish"
    }
},
{
    "model": "taggit.tag",
    "pk": 5,
    "fields": {
        "name": "Koala",
        "slug": "koala"
    }
},
{
    "model": "taggit.tag",
    "pk": 6,
    "fields": {
        "name": "Tulips",
        "slug": "tulips"
    }
},
{
    "model": "taggit.tag",
    "pk": 7,
    "fields": {
        "name": "first",
        "slug": "first"
    }
},
{
    "model": "taggit.tag",
    "pk": 8,
    "fields": {
        "name": "post",
        "slug": "post"
    }
},
{
    "model": "taggit.tag",
    "pk": 9,
    "fields": {
        "name": "blog",
        "slug": "blog"
    }
},
{
    "model": "taggit.tag",
    "pk": 10,
    "fields": {
        "name": "second",
        "slug": "second"
    }
},
{
    "model": "taggit.tag",
    "pk": 11,
    "fields": {
        "name": "third",
        "slug": "third"
    }
},
{
    "model": "taggit.tag",
    "pk": 12,
    "fields": {
        "name": "Krizantem",
        "slug": "krizantem"
    }
},
{
    "model": "taggit.tag",
    "pk": 13,
    "fields": {
        "name": "Renault",
        "slug": "renault"
    }
},
{
    "model": "taggit.tag",
    "pk": 14,
    "fields": {
        "name": "RenaultPrivillege",
        "slug": "renaultprivillege"
    }
},
{
    "model": "taggit.tag",
    "pk": 15,
    "fields": {
        "name": "Alize",
        "slug": "alize"
    }
},
{
    "model": "contenttypes.contenttype",
    "pk": 1,
    "fields": {
        "app_label": "wagtailcore",
        "model": "page"
    }
},
{
    "model": "contenttypes.contenttype",
    "pk": 2,
    "fields": {
        "app_label": "home",
        "model": "homepage"
    }
},
{
    "model": "contenttypes.contenttype",
    "pk": 3,
    "fields": {
        "app_label": "wagtailadmin",
        "model": "admin"
    }
},
{
    "model": "contenttypes.contenttype",
    "pk": 4,
    "fields": {
        "app_label": "wagtaildocs",
        "model": "document"
    }
},
{
    "model": "contenttypes.contenttype",
    "pk": 5,
    "fields": {
        "app_label": "wagtailimages",
        "model": "image"
    }
},
{
    "model": "contenttypes.contenttype",
    "pk": 6,
    "fields": {
        "app_label": "wagtailforms",
        "model": "formsubmission"
    }
},
{
    "model": "contenttypes.contenttype",
    "pk": 7,
    "fields": {
        "app_label": "wagtailredirects",
        "model": "redirect"
    }
},
{
    "model": "contenttypes.contenttype",
    "pk": 8,
    "fields": {
        "app_label": "wagtailembeds",
        "model": "embed"
    }
},
{
    "model": "contenttypes.contenttype",
    "pk": 9,
    "fields": {
        "app_label": "wagtailusers",
        "model": "userprofile"
    }
},
{
    "model": "contenttypes.contenttype",
    "pk": 10,
    "fields": {
        "app_label": "wagtailimages",
        "model": "filter"
    }
},
{
    "model": "contenttypes.contenttype",
    "pk": 11,
    "fields": {
        "app_label": "wagtailimages",
        "model": "rendition"
    }
},
{
    "model": "contenttypes.contenttype",
    "pk": 12,
    "fields": {
        "app_label": "wagtailsearch",
        "model": "query"
    }
},
{
    "model": "contenttypes.contenttype",
    "pk": 13,
    "fields": {
        "app_label": "wagtailsearch",
        "model": "querydailyhits"
    }
},
{
    "model": "contenttypes.contenttype",
    "pk": 14,
    "fields": {
        "app_label": "wagtailcore",
        "model": "site"
    }
},
{
    "model": "contenttypes.contenttype",
    "pk": 15,
    "fields": {
        "app_label": "wagtailcore",
        "model": "pageviewrestriction"
    }
},
{
    "model": "contenttypes.contenttype",
    "pk": 16,
    "fields": {
        "app_label": "wagtailcore",
        "model": "collection"
    }
},
{
    "model": "contenttypes.contenttype",
    "pk": 17,
    "fields": {
        "app_label": "wagtailcore",
        "model": "grouppagepermission"
    }
},
{
    "model": "contenttypes.contenttype",
    "pk": 18,
    "fields": {
        "app_label": "wagtailcore",
        "model": "pagerevision"
    }
},
{
    "model": "contenttypes.contenttype",
    "pk": 19,
    "fields": {
        "app_label": "wagtailcore",
        "model": "groupcollectionpermission"
    }
},
{
    "model": "contenttypes.contenttype",
    "pk": 20,
    "fields": {
        "app_label": "taggit",
        "model": "tag"
    }
},
{
    "model": "contenttypes.contenttype",
    "pk": 21,
    "fields": {
        "app_label": "taggit",
        "model": "taggeditem"
    }
},
{
    "model": "contenttypes.contenttype",
    "pk": 22,
    "fields": {
        "app_label": "admin",
        "model": "logentry"
    }
},
{
    "model": "contenttypes.contenttype",
    "pk": 23,
    "fields": {
        "app_label": "auth",
        "model": "permission"
    }
},
{
    "model": "contenttypes.contenttype",
    "pk": 24,
    "fields": {
        "app_label": "auth",
        "model": "group"
    }
},
{
    "model": "contenttypes.contenttype",
    "pk": 25,
    "fields": {
        "app_label": "auth",
        "model": "user"
    }
},
{
    "model": "contenttypes.contenttype",
    "pk": 26,
    "fields": {
        "app_label": "contenttypes",
        "model": "contenttype"
    }
},
{
    "model": "contenttypes.contenttype",
    "pk": 27,
    "fields": {
        "app_label": "sessions",
        "model": "session"
    }
},
{
    "model": "contenttypes.contenttype",
    "pk": 28,
    "fields": {
        "app_label": "blog",
        "model": "blogindexpage"
    }
},
{
    "model": "contenttypes.contenttype",
    "pk": 29,
    "fields": {
        "app_label": "blog",
        "model": "blogpage"
    }
},
{
    "model": "contenttypes.contenttype",
    "pk": 30,
    "fields": {
        "app_label": "blog",
        "model": "blogpagegalleryimage"
    }
},
{
    "model": "contenttypes.contenttype",
    "pk": 31,
    "fields": {
        "app_label": "blog",
        "model": "blogpagetag"
    }
},
{
    "model": "contenttypes.contenttype",
    "pk": 32,
    "fields": {
        "app_label": "blog",
        "model": "blogtagindexpage"
    }
},
{
    "model": "contenttypes.contenttype",
    "pk": 33,
    "fields": {
        "app_label": "blog",
        "model": "blogcategory"
    }
},
{
    "model": "sessions.session",
    "pk": "7xc1j6p399r9t3eql8sj9ankp6ddn8ae",
    "fields": {
        "session_data": "Nzc0OGQ3OTI5ODg1NzMxM2JlM2E1MDk2ZWUxMTczNDQzYmI1MzBmODp7Il9hdXRoX3VzZXJfaGFzaCI6ImE2MmM0ZDU3NWU0NDQ0ZDI0NTRlMTk1ZWQ4MmUzYjZhZGU0NDVjZjYiLCJfYXV0aF91c2VyX2JhY2tlbmQiOiJkamFuZ28uY29udHJpYi5hdXRoLmJhY2tlbmRzLk1vZGVsQmFja2VuZCIsIl9hdXRoX3VzZXJfaWQiOiIxIn0=",
        "expire_date": "2017-04-21T19:06:03.614Z"
    }
},
{
    "model": "sessions.session",
    "pk": "cphzrjf3rsdtgeqx4z537om0oj49e325",
    "fields": {
        "session_data": "MTM4NTBkNmVhNTE1MmE0NjFkNjc2MDVhZTM5Y2Q1NWE4YzUxNDczNzp7Il9hdXRoX3VzZXJfaWQiOiIxIiwiX2F1dGhfdXNlcl9iYWNrZW5kIjoiZGphbmdvLmNvbnRyaWIuYXV0aC5iYWNrZW5kcy5Nb2RlbEJhY2tlbmQiLCJfYXV0aF91c2VyX2hhc2giOiJhNjJjNGQ1NzVlNDQ0NGQyNDU0ZTE5NWVkODJlM2I2YWRlNDQ1Y2Y2In0=",
        "expire_date": "2017-04-27T18:10:22.864Z"
    }
},
{
    "model": "sessions.session",
    "pk": "e3zfj07x3n1k1pxoxwzetm16bem964cp",
    "fields": {
        "session_data": "MmRjYjU3NDk2ZDYzNjk0MDk4ZjM5NDgxNThiNWExZmQ5YTljOTMxMDp7Il9hdXRoX3VzZXJfaGFzaCI6ImE2MmM0ZDU3NWU0NDQ0ZDI0NTRlMTk1ZWQ4MmUzYjZhZGU0NDVjZjYiLCJfYXV0aF91c2VyX2lkIjoiMSIsIl9hdXRoX3VzZXJfYmFja2VuZCI6ImRqYW5nby5jb250cmliLmF1dGguYmFja2VuZHMuTW9kZWxCYWNrZW5kIn0=",
        "expire_date": "2017-03-30T07:29:32.963Z"
    }
},
{
    "model": "sessions.session",
    "pk": "fanrxcx2s36t25yx2ih20i0ixg807z6y",
    "fields": {
        "session_data": "OTM2MzI5YjcyYThjNjkxNzYwYzAzYWM2YmNjMmJiNmZkYWEwMjQzMjp7Il9hdXRoX3VzZXJfaWQiOiIxIiwiX2F1dGhfdXNlcl9oYXNoIjoiYTYyYzRkNTc1ZTQ0NDRkMjQ1NGUxOTVlZDgyZTNiNmFkZTQ0NWNmNiIsIl9hdXRoX3VzZXJfYmFja2VuZCI6ImRqYW5nby5jb250cmliLmF1dGguYmFja2VuZHMuTW9kZWxCYWNrZW5kIn0=",
        "expire_date": "2017-04-27T19:36:14.563Z"
    }
},
{
    "model": "sessions.session",
    "pk": "gidxo7v1nt9b209blh0a5160tenrtph4",
    "fields": {
        "session_data": "OWVmN2ZiOTY0YmFhNTViMjRkYmY5NGRlMWQwYjZhNzk2MGFkN2MxODp7Il9hdXRoX3VzZXJfYmFja2VuZCI6ImRqYW5nby5jb250cmliLmF1dGguYmFja2VuZHMuTW9kZWxCYWNrZW5kIiwiX2F1dGhfdXNlcl9oYXNoIjoiYTYyYzRkNTc1ZTQ0NDRkMjQ1NGUxOTVlZDgyZTNiNmFkZTQ0NWNmNiIsIl9hdXRoX3VzZXJfaWQiOiIxIn0=",
        "expire_date": "2017-04-22T15:29:00.886Z"
    }
},
{
    "model": "sessions.session",
    "pk": "mjtfaw2jkh8ou8cuqkw5n198j9xvht9y",
    "fields": {
        "session_data": "MmY0OGY2YjJjNDI5NmJmYjk2N2IxNzExMzE0ZTUzZDczNDQwMjZlMzp7Il9hdXRoX3VzZXJfYmFja2VuZCI6ImRqYW5nby5jb250cmliLmF1dGguYmFja2VuZHMuTW9kZWxCYWNrZW5kIiwiX2F1dGhfdXNlcl9pZCI6IjEiLCJfYXV0aF91c2VyX2hhc2giOiJhNjJjNGQ1NzVlNDQ0NGQyNDU0ZTE5NWVkODJlM2I2YWRlNDQ1Y2Y2In0=",
        "expire_date": "2017-04-21T13:27:34.026Z"
    }
},
{
    "model": "sessions.session",
    "pk": "t1ndrse535zg7xn6px5zb9erxy5hcr2b",
    "fields": {
        "session_data": "MmY0OGY2YjJjNDI5NmJmYjk2N2IxNzExMzE0ZTUzZDczNDQwMjZlMzp7Il9hdXRoX3VzZXJfYmFja2VuZCI6ImRqYW5nby5jb250cmliLmF1dGguYmFja2VuZHMuTW9kZWxCYWNrZW5kIiwiX2F1dGhfdXNlcl9pZCI6IjEiLCJfYXV0aF91c2VyX2hhc2giOiJhNjJjNGQ1NzVlNDQ0NGQyNDU0ZTE5NWVkODJlM2I2YWRlNDQ1Y2Y2In0=",
        "expire_date": "2017-04-22T11:00:49.315Z"
    }
},
{
    "model": "sessions.session",
    "pk": "ux25itxnkhi5jnbi0v9fj54hvkahff86",
    "fields": {
        "session_data": "MTM4NTBkNmVhNTE1MmE0NjFkNjc2MDVhZTM5Y2Q1NWE4YzUxNDczNzp7Il9hdXRoX3VzZXJfaWQiOiIxIiwiX2F1dGhfdXNlcl9iYWNrZW5kIjoiZGphbmdvLmNvbnRyaWIuYXV0aC5iYWNrZW5kcy5Nb2RlbEJhY2tlbmQiLCJfYXV0aF91c2VyX2hhc2giOiJhNjJjNGQ1NzVlNDQ0NGQyNDU0ZTE5NWVkODJlM2I2YWRlNDQ1Y2Y2In0=",
        "expire_date": "2017-04-22T05:31:37.682Z"
    }
},
{
    "model": "sessions.session",
    "pk": "wyx6ialp4dhptfmonn7n35s5ppks5z9w",
    "fields": {
        "session_data": "OWVmN2ZiOTY0YmFhNTViMjRkYmY5NGRlMWQwYjZhNzk2MGFkN2MxODp7Il9hdXRoX3VzZXJfYmFja2VuZCI6ImRqYW5nby5jb250cmliLmF1dGguYmFja2VuZHMuTW9kZWxCYWNrZW5kIiwiX2F1dGhfdXNlcl9oYXNoIjoiYTYyYzRkNTc1ZTQ0NDRkMjQ1NGUxOTVlZDgyZTNiNmFkZTQ0NWNmNiIsIl9hdXRoX3VzZXJfaWQiOiIxIn0=",
        "expire_date": "2017-04-22T15:08:55.075Z"
    }
},
{
    "model": "auth.permission",
    "pk": 1,
    "fields": {
        "name": "Can access Wagtail admin",
        "content_type": 3,
        "codename": "access_admin"
    }
},
{
    "model": "auth.permission",
    "pk": 2,
    "fields": {
        "name": "Can add document",
        "content_type": 4,
        "codename": "add_document"
    }
},
{
    "model": "auth.permission",
    "pk": 3,
    "fields": {
        "name": "Can change document",
        "content_type": 4,
        "codename": "change_document"
    }
},
{
    "model": "auth.permission",
    "pk": 4,
    "fields": {
        "name": "Can delete document",
        "content_type": 4,
        "codename": "delete_document"
    }
},
{
    "model": "auth.permission",
    "pk": 5,
    "fields": {
        "name": "Can add image",
        "content_type": 5,
        "codename": "add_image"
    }
},
{
    "model": "auth.permission",
    "pk": 6,
    "fields": {
        "name": "Can change image",
        "content_type": 5,
        "codename": "change_image"
    }
},
{
    "model": "auth.permission",
    "pk": 7,
    "fields": {
        "name": "Can delete image",
        "content_type": 5,
        "codename": "delete_image"
    }
},
{
    "model": "auth.permission",
    "pk": 8,
    "fields": {
        "name": "Can add home page",
        "content_type": 2,
        "codename": "add_homepage"
    }
},
{
    "model": "auth.permission",
    "pk": 9,
    "fields": {
        "name": "Can change home page",
        "content_type": 2,
        "codename": "change_homepage"
    }
},
{
    "model": "auth.permission",
    "pk": 10,
    "fields": {
        "name": "Can delete home page",
        "content_type": 2,
        "codename": "delete_homepage"
    }
},
{
    "model": "auth.permission",
    "pk": 11,
    "fields": {
        "name": "Can add form submission",
        "content_type": 6,
        "codename": "add_formsubmission"
    }
},
{
    "model": "auth.permission",
    "pk": 12,
    "fields": {
        "name": "Can change form submission",
        "content_type": 6,
        "codename": "change_formsubmission"
    }
},
{
    "model": "auth.permission",
    "pk": 13,
    "fields": {
        "name": "Can delete form submission",
        "content_type": 6,
        "codename": "delete_formsubmission"
    }
},
{
    "model": "auth.permission",
    "pk": 14,
    "fields": {
        "name": "Can add redirect",
        "content_type": 7,
        "codename": "add_redirect"
    }
},
{
    "model": "auth.permission",
    "pk": 15,
    "fields": {
        "name": "Can change redirect",
        "content_type": 7,
        "codename": "change_redirect"
    }
},
{
    "model": "auth.permission",
    "pk": 16,
    "fields": {
        "name": "Can delete redirect",
        "content_type": 7,
        "codename": "delete_redirect"
    }
},
{
    "model": "auth.permission",
    "pk": 17,
    "fields": {
        "name": "Can add embed",
        "content_type": 8,
        "codename": "add_embed"
    }
},
{
    "model": "auth.permission",
    "pk": 18,
    "fields": {
        "name": "Can change embed",
        "content_type": 8,
        "codename": "change_embed"
    }
},
{
    "model": "auth.permission",
    "pk": 19,
    "fields": {
        "name": "Can delete embed",
        "content_type": 8,
        "codename": "delete_embed"
    }
},
{
    "model": "auth.permission",
    "pk": 20,
    "fields": {
        "name": "Can add user profile",
        "content_type": 9,
        "codename": "add_userprofile"
    }
},
{
    "model": "auth.permission",
    "pk": 21,
    "fields": {
        "name": "Can change user profile",
        "content_type": 9,
        "codename": "change_userprofile"
    }
},
{
    "model": "auth.permission",
    "pk": 22,
    "fields": {
        "name": "Can delete user profile",
        "content_type": 9,
        "codename": "delete_userprofile"
    }
},
{
    "model": "auth.permission",
    "pk": 23,
    "fields": {
        "name": "Can add filter",
        "content_type": 10,
        "codename": "add_filter"
    }
},
{
    "model": "auth.permission",
    "pk": 24,
    "fields": {
        "name": "Can change filter",
        "content_type": 10,
        "codename": "change_filter"
    }
},
{
    "model": "auth.permission",
    "pk": 25,
    "fields": {
        "name": "Can delete filter",
        "content_type": 10,
        "codename": "delete_filter"
    }
},
{
    "model": "auth.permission",
    "pk": 26,
    "fields": {
        "name": "Can add rendition",
        "content_type": 11,
        "codename": "add_rendition"
    }
},
{
    "model": "auth.permission",
    "pk": 27,
    "fields": {
        "name": "Can change rendition",
        "content_type": 11,
        "codename": "change_rendition"
    }
},
{
    "model": "auth.permission",
    "pk": 28,
    "fields": {
        "name": "Can delete rendition",
        "content_type": 11,
        "codename": "delete_rendition"
    }
},
{
    "model": "auth.permission",
    "pk": 29,
    "fields": {
        "name": "Can add query",
        "content_type": 12,
        "codename": "add_query"
    }
},
{
    "model": "auth.permission",
    "pk": 30,
    "fields": {
        "name": "Can change query",
        "content_type": 12,
        "codename": "change_query"
    }
},
{
    "model": "auth.permission",
    "pk": 31,
    "fields": {
        "name": "Can delete query",
        "content_type": 12,
        "codename": "delete_query"
    }
},
{
    "model": "auth.permission",
    "pk": 32,
    "fields": {
        "name": "Can add Query Daily Hits",
        "content_type": 13,
        "codename": "add_querydailyhits"
    }
},
{
    "model": "auth.permission",
    "pk": 33,
    "fields": {
        "name": "Can change Query Daily Hits",
        "content_type": 13,
        "codename": "change_querydailyhits"
    }
},
{
    "model": "auth.permission",
    "pk": 34,
    "fields": {
        "name": "Can delete Query Daily Hits",
        "content_type": 13,
        "codename": "delete_querydailyhits"
    }
},
{
    "model": "auth.permission",
    "pk": 35,
    "fields": {
        "name": "Can add site",
        "content_type": 14,
        "codename": "add_site"
    }
},
{
    "model": "auth.permission",
    "pk": 36,
    "fields": {
        "name": "Can change site",
        "content_type": 14,
        "codename": "change_site"
    }
},
{
    "model": "auth.permission",
    "pk": 37,
    "fields": {
        "name": "Can delete site",
        "content_type": 14,
        "codename": "delete_site"
    }
},
{
    "model": "auth.permission",
    "pk": 38,
    "fields": {
        "name": "Can add page view restriction",
        "content_type": 15,
        "codename": "add_pageviewrestriction"
    }
},
{
    "model": "auth.permission",
    "pk": 39,
    "fields": {
        "name": "Can change page view restriction",
        "content_type": 15,
        "codename": "change_pageviewrestriction"
    }
},
{
    "model": "auth.permission",
    "pk": 40,
    "fields": {
        "name": "Can delete page view restriction",
        "content_type": 15,
        "codename": "delete_pageviewrestriction"
    }
},
{
    "model": "auth.permission",
    "pk": 41,
    "fields": {
        "name": "Can add collection",
        "content_type": 16,
        "codename": "add_collection"
    }
},
{
    "model": "auth.permission",
    "pk": 42,
    "fields": {
        "name": "Can change collection",
        "content_type": 16,
        "codename": "change_collection"
    }
},
{
    "model": "auth.permission",
    "pk": 43,
    "fields": {
        "name": "Can delete collection",
        "content_type": 16,
        "codename": "delete_collection"
    }
},
{
    "model": "auth.permission",
    "pk": 44,
    "fields": {
        "name": "Can add group page permission",
        "content_type": 17,
        "codename": "add_grouppagepermission"
    }
},
{
    "model": "auth.permission",
    "pk": 45,
    "fields": {
        "name": "Can change group page permission",
        "content_type": 17,
        "codename": "change_grouppagepermission"
    }
},
{
    "model": "auth.permission",
    "pk": 46,
    "fields": {
        "name": "Can delete group page permission",
        "content_type": 17,
        "codename": "delete_grouppagepermission"
    }
},
{
    "model": "auth.permission",
    "pk": 47,
    "fields": {
        "name": "Can add page revision",
        "content_type": 18,
        "codename": "add_pagerevision"
    }
},
{
    "model": "auth.permission",
    "pk": 48,
    "fields": {
        "name": "Can change page revision",
        "content_type": 18,
        "codename": "change_pagerevision"
    }
},
{
    "model": "auth.permission",
    "pk": 49,
    "fields": {
        "name": "Can delete page revision",
        "content_type": 18,
        "codename": "delete_pagerevision"
    }
},
{
    "model": "auth.permission",
    "pk": 50,
    "fields": {
        "name": "Can add group collection permission",
        "content_type": 19,
        "codename": "add_groupcollectionpermission"
    }
},
{
    "model": "auth.permission",
    "pk": 51,
    "fields": {
        "name": "Can change group collection permission",
        "content_type": 19,
        "codename": "change_groupcollectionpermission"
    }
},
{
    "model": "auth.permission",
    "pk": 52,
    "fields": {
        "name": "Can delete group collection permission",
        "content_type": 19,
        "codename": "delete_groupcollectionpermission"
    }
},
{
    "model": "auth.permission",
    "pk": 53,
    "fields": {
        "name": "Can add page",
        "content_type": 1,
        "codename": "add_page"
    }
},
{
    "model": "auth.permission",
    "pk": 54,
    "fields": {
        "name": "Can change page",
        "content_type": 1,
        "codename": "change_page"
    }
},
{
    "model": "auth.permission",
    "pk": 55,
    "fields": {
        "name": "Can delete page",
        "content_type": 1,
        "codename": "delete_page"
    }
},
{
    "model": "auth.permission",
    "pk": 56,
    "fields": {
        "name": "Can add Tag",
        "content_type": 20,
        "codename": "add_tag"
    }
},
{
    "model": "auth.permission",
    "pk": 57,
    "fields": {
        "name": "Can change Tag",
        "content_type": 20,
        "codename": "change_tag"
    }
},
{
    "model": "auth.permission",
    "pk": 58,
    "fields": {
        "name": "Can delete Tag",
        "content_type": 20,
        "codename": "delete_tag"
    }
},
{
    "model": "auth.permission",
    "pk": 59,
    "fields": {
        "name": "Can add Tagged Item",
        "content_type": 21,
        "codename": "add_taggeditem"
    }
},
{
    "model": "auth.permission",
    "pk": 60,
    "fields": {
        "name": "Can change Tagged Item",
        "content_type": 21,
        "codename": "change_taggeditem"
    }
},
{
    "model": "auth.permission",
    "pk": 61,
    "fields": {
        "name": "Can delete Tagged Item",
        "content_type": 21,
        "codename": "delete_taggeditem"
    }
},
{
    "model": "auth.permission",
    "pk": 62,
    "fields": {
        "name": "Can add log entry",
        "content_type": 22,
        "codename": "add_logentry"
    }
},
{
    "model": "auth.permission",
    "pk": 63,
    "fields": {
        "name": "Can change log entry",
        "content_type": 22,
        "codename": "change_logentry"
    }
},
{
    "model": "auth.permission",
    "pk": 64,
    "fields": {
        "name": "Can delete log entry",
        "content_type": 22,
        "codename": "delete_logentry"
    }
},
{
    "model": "auth.permission",
    "pk": 65,
    "fields": {
        "name": "Can add permission",
        "content_type": 23,
        "codename": "add_permission"
    }
},
{
    "model": "auth.permission",
    "pk": 66,
    "fields": {
        "name": "Can change permission",
        "content_type": 23,
        "codename": "change_permission"
    }
},
{
    "model": "auth.permission",
    "pk": 67,
    "fields": {
        "name": "Can delete permission",
        "content_type": 23,
        "codename": "delete_permission"
    }
},
{
    "model": "auth.permission",
    "pk": 68,
    "fields": {
        "name": "Can add group",
        "content_type": 24,
        "codename": "add_group"
    }
},
{
    "model": "auth.permission",
    "pk": 69,
    "fields": {
        "name": "Can change group",
        "content_type": 24,
        "codename": "change_group"
    }
},
{
    "model": "auth.permission",
    "pk": 70,
    "fields": {
        "name": "Can delete group",
        "content_type": 24,
        "codename": "delete_group"
    }
},
{
    "model": "auth.permission",
    "pk": 71,
    "fields": {
        "name": "Can add user",
        "content_type": 25,
        "codename": "add_user"
    }
},
{
    "model": "auth.permission",
    "pk": 72,
    "fields": {
        "name": "Can change user",
        "content_type": 25,
        "codename": "change_user"
    }
},
{
    "model": "auth.permission",
    "pk": 73,
    "fields": {
        "name": "Can delete user",
        "content_type": 25,
        "codename": "delete_user"
    }
},
{
    "model": "auth.permission",
    "pk": 74,
    "fields": {
        "name": "Can add content type",
        "content_type": 26,
        "codename": "add_contenttype"
    }
},
{
    "model": "auth.permission",
    "pk": 75,
    "fields": {
        "name": "Can change content type",
        "content_type": 26,
        "codename": "change_contenttype"
    }
},
{
    "model": "auth.permission",
    "pk": 76,
    "fields": {
        "name": "Can delete content type",
        "content_type": 26,
        "codename": "delete_contenttype"
    }
},
{
    "model": "auth.permission",
    "pk": 77,
    "fields": {
        "name": "Can add session",
        "content_type": 27,
        "codename": "add_session"
    }
},
{
    "model": "auth.permission",
    "pk": 78,
    "fields": {
        "name": "Can change session",
        "content_type": 27,
        "codename": "change_session"
    }
},
{
    "model": "auth.permission",
    "pk": 79,
    "fields": {
        "name": "Can delete session",
        "content_type": 27,
        "codename": "delete_session"
    }
},
{
    "model": "auth.permission",
    "pk": 80,
    "fields": {
        "name": "Can add blog index page",
        "content_type": 28,
        "codename": "add_blogindexpage"
    }
},
{
    "model": "auth.permission",
    "pk": 81,
    "fields": {
        "name": "Can change blog index page",
        "content_type": 28,
        "codename": "change_blogindexpage"
    }
},
{
    "model": "auth.permission",
    "pk": 82,
    "fields": {
        "name": "Can delete blog index page",
        "content_type": 28,
        "codename": "delete_blogindexpage"
    }
},
{
    "model": "auth.permission",
    "pk": 83,
    "fields": {
        "name": "Can add blog page",
        "content_type": 29,
        "codename": "add_blogpage"
    }
},
{
    "model": "auth.permission",
    "pk": 84,
    "fields": {
        "name": "Can change blog page",
        "content_type": 29,
        "codename": "change_blogpage"
    }
},
{
    "model": "auth.permission",
    "pk": 85,
    "fields": {
        "name": "Can delete blog page",
        "content_type": 29,
        "codename": "delete_blogpage"
    }
},
{
    "model": "auth.permission",
    "pk": 86,
    "fields": {
        "name": "Can add blog page gallery image",
        "content_type": 30,
        "codename": "add_blogpagegalleryimage"
    }
},
{
    "model": "auth.permission",
    "pk": 87,
    "fields": {
        "name": "Can change blog page gallery image",
        "content_type": 30,
        "codename": "change_blogpagegalleryimage"
    }
},
{
    "model": "auth.permission",
    "pk": 88,
    "fields": {
        "name": "Can delete blog page gallery image",
        "content_type": 30,
        "codename": "delete_blogpagegalleryimage"
    }
},
{
    "model": "auth.permission",
    "pk": 89,
    "fields": {
        "name": "Can add blog page tag",
        "content_type": 31,
        "codename": "add_blogpagetag"
    }
},
{
    "model": "auth.permission",
    "pk": 90,
    "fields": {
        "name": "Can change blog page tag",
        "content_type": 31,
        "codename": "change_blogpagetag"
    }
},
{
    "model": "auth.permission",
    "pk": 91,
    "fields": {
        "name": "Can delete blog page tag",
        "content_type": 31,
        "codename": "delete_blogpagetag"
    }
},
{
    "model": "auth.permission",
    "pk": 92,
    "fields": {
        "name": "Can add blog tag index page",
        "content_type": 32,
        "codename": "add_blogtagindexpage"
    }
},
{
    "model": "auth.permission",
    "pk": 93,
    "fields": {
        "name": "Can change blog tag index page",
        "content_type": 32,
        "codename": "change_blogtagindexpage"
    }
},
{
    "model": "auth.permission",
    "pk": 94,
    "fields": {
        "name": "Can delete blog tag index page",
        "content_type": 32,
        "codename": "delete_blogtagindexpage"
    }
},
{
    "model": "auth.permission",
    "pk": 95,
    "fields": {
        "name": "Can add blog category",
        "content_type": 33,
        "codename": "add_blogcategory"
    }
},
{
    "model": "auth.permission",
    "pk": 96,
    "fields": {
        "name": "Can change blog category",
        "content_type": 33,
        "codename": "change_blogcategory"
    }
},
{
    "model": "auth.permission",
    "pk": 97,
    "fields": {
        "name": "Can delete blog category",
        "content_type": 33,
        "codename": "delete_blogcategory"
    }
},
{
    "model": "taggit.taggeditem",
    "pk": 1,
    "fields": {
        "tag": 1,
        "content_type": 5,
        "object_id": 1
    }
},
{
    "model": "taggit.taggeditem",
    "pk": 2,
    "fields": {
        "tag": 2,
        "content_type": 5,
        "object_id": 2
    }
},
{
    "model": "taggit.taggeditem",
    "pk": 3,
    "fields": {
        "tag": 3,
        "content_type": 5,
        "object_id": 3
    }
},
{
    "model": "taggit.taggeditem",
    "pk": 4,
    "fields": {
        "tag": 4,
        "content_type": 5,
        "object_id": 4
    }
},
{
    "model": "taggit.taggeditem",
    "pk": 5,
    "fields": {
        "tag": 5,
        "content_type": 5,
        "object_id": 5
    }
},
{
    "model": "taggit.taggeditem",
    "pk": 6,
    "fields": {
        "tag": 6,
        "content_type": 5,
        "object_id": 6
    }
},
{
    "model": "taggit.taggeditem",
    "pk": 7,
    "fields": {
        "tag": 12,
        "content_type": 5,
        "object_id": 7
    }
},
{
    "model": "auth.group",
    "pk": 1,
    "fields": {
        "name": "Moderators",
        "permissions": [
            1,
            2,
            3,
            4,
            5,
            6,
            7
        ]
    }
},
{
    "model": "auth.group",
    "pk": 2,
    "fields": {
        "name": "Editors",
        "permissions": [
            1,
            2,
            3,
            4,
            5,
            6,
            7
        ]
    }
},
{
    "model": "auth.user",
    "pk": 1,
    "fields": {
        "password": "pbkdf2_sha256$30000$kynwTiHLCFCS$kSyS43HQU16tZzZLIKOOStTPqZ6tHqWhxjwZCyljjNY=",
        "last_login": "2017-04-13T19:36:14.555Z",
        "is_superuser": true,
        "username": "leon",
        "first_name": "",
        "last_name": "",
        "email": "",
        "is_staff": true,
        "is_active": true,
        "date_joined": "2017-03-15T19:57:43.667Z",
        "groups": [],
        "user_permissions": []
    }
},
{
    "model": "admin.logentry",
    "pk": 1,
    "fields": {
        "action_time": "2017-04-13T18:58:55.251Z",
        "user": 1,
        "content_type": 1,
        "object_id": "33",
        "object_repr": "Chevrolet",
        "action_flag": 1,
        "change_message": "[{\"added\": {}}]"
    }
},
{
    "model": "wagtailcore.groupcollectionpermission",
    "pk": 1,
    "fields": {
        "group": 2,
        "collection": 1,
        "permission": 2
    }
},
{
    "model": "wagtailcore.groupcollectionpermission",
    "pk": 2,
    "fields": {
        "group": 1,
        "collection": 1,
        "permission": 2
    }
},
{
    "model": "wagtailcore.groupcollectionpermission",
    "pk": 3,
    "fields": {
        "group": 2,
        "collection": 1,
        "permission": 3
    }
},
{
    "model": "wagtailcore.groupcollectionpermission",
    "pk": 4,
    "fields": {
        "group": 1,
        "collection": 1,
        "permission": 3
    }
},
{
    "model": "wagtailcore.groupcollectionpermission",
    "pk": 5,
    "fields": {
        "group": 2,
        "collection": 1,
        "permission": 5
    }
},
{
    "model": "wagtailcore.groupcollectionpermission",
    "pk": 6,
    "fields": {
        "group": 1,
        "collection": 1,
        "permission": 5
    }
},
{
    "model": "wagtailcore.groupcollectionpermission",
    "pk": 7,
    "fields": {
        "group": 2,
        "collection": 1,
        "permission": 6
    }
},
{
    "model": "wagtailcore.groupcollectionpermission",
    "pk": 8,
    "fields": {
        "group": 1,
        "collection": 1,
        "permission": 6
    }
},
{
    "model": "wagtailcore.grouppagepermission",
    "pk": 1,
    "fields": {
        "group": 1,
        "page": 1,
        "permission_type": "add"
    }
},
{
    "model": "wagtailcore.grouppagepermission",
    "pk": 2,
    "fields": {
        "group": 1,
        "page": 1,
        "permission_type": "edit"
    }
},
{
    "model": "wagtailcore.grouppagepermission",
    "pk": 3,
    "fields": {
        "group": 1,
        "page": 1,
        "permission_type": "publish"
    }
},
{
    "model": "wagtailcore.grouppagepermission",
    "pk": 4,
    "fields": {
        "group": 2,
        "page": 1,
        "permission_type": "add"
    }
},
{
    "model": "wagtailcore.grouppagepermission",
    "pk": 5,
    "fields": {
        "group": 2,
        "page": 1,
        "permission_type": "edit"
    }
},
{
    "model": "wagtailcore.grouppagepermission",
    "pk": 6,
    "fields": {
        "group": 1,
        "page": 1,
        "permission_type": "lock"
    }
},
{
    "model": "wagtailcore.pagerevision",
    "pk": 1,
    "fields": {
        "page": 3,
        "submitted_for_moderation": false,
        "created_at": "2017-03-16T07:37:03.345Z",
        "user": 1,
        "content_json": "{\"path\": \"00010001\", \"numchild\": 0, \"content_type\": 2, \"latest_revision_created_at\": null, \"search_description\": \"\", \"first_published_at\": null, \"depth\": 2, \"url_path\": \"/home/\", \"seo_title\": \"\", \"title\": \"Homepage\", \"pk\": 3, \"show_in_menus\": false, \"owner\": null, \"live\": true, \"expire_at\": null, \"has_unpublished_changes\": false, \"body\": \"<p><b>Welcome</b> to our new site!<b><br/></b></p>\", \"expired\": false, \"go_live_at\": null, \"slug\": \"home\", \"locked\": false}",
        "approved_go_live_at": null
    }
},
{
    "model": "wagtailcore.pagerevision",
    "pk": 2,
    "fields": {
        "page": 4,
        "submitted_for_moderation": false,
        "created_at": "2017-03-16T07:49:59.407Z",
        "user": 1,
        "content_json": "{\"first_published_at\": null, \"expired\": false, \"latest_revision_created_at\": null, \"content_type\": 28, \"expire_at\": null, \"live\": true, \"title\": \"Blog Index Page\", \"seo_title\": \"\", \"has_unpublished_changes\": false, \"pk\": 4, \"path\": \"000100010001\", \"search_description\": \"\", \"depth\": 3, \"url_path\": \"/home/blog-index-page/\", \"owner\": 1, \"show_in_menus\": false, \"intro\": \"<p><b>Welcome</b> to Blog Index Page<br/></p>\", \"numchild\": 0, \"locked\": false, \"go_live_at\": null, \"slug\": \"blog-index-page\"}",
        "approved_go_live_at": null
    }
},
{
    "model": "wagtailcore.pagerevision",
    "pk": 3,
    "fields": {
        "page": 5,
        "submitted_for_moderation": false,
        "created_at": "2017-03-16T08:03:45.339Z",
        "user": 1,
        "content_json": "{\"depth\": 4, \"body\": \"<p>Lorem ipsum dolor sit amet, consectetur adipiscing elit. Quisque tellus \\nnunc, suscipit at porttitor et, vestibulum vel lacus. Suspendisse \\npotenti. Vivamus sed viverra risus. Nam condimentum ligula at dui \\nplacerat, tempor egestas risus efficitur. Curabitur non rhoncus erat, eu\\n varius arcu. Donec imperdiet arcu blandit augue aliquet, tristique \\naliquet diam laoreet. Nulla tincidunt maximus vulputate. Ut tristique \\naccumsan lobortis. Lorem ipsum dolor sit amet, consectetur adipiscing \\nelit. Class aptent taciti sociosqu ad litora torquent per conubia \\nnostra, per inceptos himenaeos. Nullam scelerisque in lectus non congue.\\n Praesent et mi neque.\\n</p>\", \"path\": \"0001000100010001\", \"intro\": \"First Post Read\", \"latest_revision_created_at\": null, \"title\": \"Fisrt Post\", \"date\": \"2017-03-16\", \"live\": true, \"locked\": false, \"content_type\": 29, \"go_live_at\": null, \"expired\": false, \"numchild\": 0, \"has_unpublished_changes\": false, \"first_published_at\": null, \"pk\": 5, \"search_description\": \"\", \"expire_at\": null, \"show_in_menus\": false, \"owner\": 1, \"url_path\": \"/home/blog-index-page/fisrt-post/\", \"slug\": \"fisrt-post\", \"seo_title\": \"\"}",
        "approved_go_live_at": null
    }
},
{
    "model": "wagtailcore.pagerevision",
    "pk": 4,
    "fields": {
        "page": 5,
        "submitted_for_moderation": false,
        "created_at": "2017-03-16T08:40:39.746Z",
        "user": 1,
        "content_json": "{\"depth\": 4, \"body\": \"<p>Lorem ipsum dolor sit amet, consectetur adipiscing elit. Quisque tellus \\nnunc, suscipit at porttitor et, vestibulum vel lacus. Suspendisse \\npotenti. Vivamus sed viverra risus. Nam condimentum ligula at dui \\nplacerat, tempor egestas risus efficitur. Curabitur non rhoncus erat, eu\\n varius arcu. Donec imperdiet arcu blandit augue aliquet, tristique \\naliquet diam laoreet. Nulla tincidunt maximus vulputate. Ut tristique \\naccumsan lobortis. Lorem ipsum dolor sit amet, consectetur adipiscing \\nelit. Class aptent taciti sociosqu ad litora torquent per conubia \\nnostra, per inceptos himenaeos. Nullam scelerisque in lectus non congue.\\n Praesent et mi neque.\\n</p>\", \"path\": \"0001000100010001\", \"intro\": \"First Post Read\", \"latest_revision_created_at\": \"2017-03-16T08:03:45.339Z\", \"title\": \"First Post\", \"date\": \"2017-03-16\", \"live\": true, \"locked\": false, \"content_type\": 29, \"go_live_at\": null, \"expired\": false, \"numchild\": 0, \"has_unpublished_changes\": false, \"first_published_at\": \"2017-03-16T08:03:45.762Z\", \"pk\": 5, \"search_description\": \"\", \"expire_at\": null, \"show_in_menus\": false, \"owner\": 1, \"url_path\": \"/home/blog-index-page/fisrt-post/\", \"slug\": \"fisrt-post\", \"seo_title\": \"\"}",
        "approved_go_live_at": null
    }
},
{
    "model": "wagtailcore.pagerevision",
    "pk": 5,
    "fields": {
        "page": 5,
        "submitted_for_moderation": false,
        "created_at": "2017-03-16T08:41:19.551Z",
        "user": 1,
        "content_json": "{\"depth\": 4, \"body\": \"<p>Lorem ipsum dolor sit amet, consectetur adipiscing elit. Quisque tellus \\nnunc, suscipit at porttitor et, vestibulum vel lacus. Suspendisse \\npotenti. Vivamus sed viverra risus. Nam condimentum ligula at dui \\nplacerat, tempor egestas risus efficitur. Curabitur non rhoncus erat, eu\\n varius arcu. Donec imperdiet arcu blandit augue aliquet, tristique \\naliquet diam laoreet. Nulla tincidunt maximus vulputate. Ut tristique \\naccumsan lobortis. Lorem ipsum dolor sit amet, consectetur adipiscing \\nelit. Class aptent taciti sociosqu ad litora torquent per conubia \\nnostra, per inceptos himenaeos. Nullam scelerisque in lectus non congue.\\n Praesent et mi neque.\\n</p>\", \"path\": \"0001000100010001\", \"intro\": \"First Post Read\", \"latest_revision_created_at\": \"2017-03-16T08:40:39.746Z\", \"title\": \"First Post\", \"date\": \"2017-03-16\", \"live\": true, \"locked\": false, \"content_type\": 29, \"go_live_at\": null, \"expired\": false, \"numchild\": 0, \"has_unpublished_changes\": false, \"first_published_at\": \"2017-03-16T08:03:45.762Z\", \"pk\": 5, \"search_description\": \"\", \"expire_at\": null, \"show_in_menus\": false, \"owner\": 1, \"url_path\": \"/home/blog-index-page/fisrt-post/\", \"slug\": \"first-post\", \"seo_title\": \"\"}",
        "approved_go_live_at": null
    }
},
{
    "model": "wagtailcore.pagerevision",
    "pk": 6,
    "fields": {
        "page": 6,
        "submitted_for_moderation": false,
        "created_at": "2017-03-16T08:50:53.973Z",
        "user": 1,
        "content_json": "{\"first_published_at\": null, \"has_unpublished_changes\": false, \"path\": \"0001000100010002\", \"expire_at\": null, \"latest_revision_created_at\": null, \"numchild\": 0, \"body\": \"<p>Aliquam auctor quam nec consectetur gravida. Fusce in imperdiet ipsum, \\nsed dictum mauris. Nulla velit ligula, mattis eget interdum ultricies, \\nvenenatis at quam. Ut fermentum lacus at nisi pellentesque interdum. Sed\\n vitae sodales mi. Curabitur facilisis sapien quis metus porta bibendum.\\n Morbi ullamcorper accumsan varius. Proin ultrices, mi sit amet \\nsollicitudin tempus, tellus nunc auctor libero, sit amet aliquam neque \\nnisl ac ligula. Maecenas id ante non mi porttitor facilisis quis non \\nturpis. Maecenas congue, massa eu dignissim accumsan, libero arcu \\npharetra tortor, vitae varius eros dui nec lacus.\\n</p>\", \"intro\": \"Second Post Read\", \"live\": true, \"url_path\": \"/home/blog-index-page/second-post/\", \"pk\": 6, \"content_type\": 29, \"date\": \"2017-03-15\", \"owner\": 1, \"expired\": false, \"depth\": 4, \"search_description\": \"\", \"slug\": \"second-post\", \"go_live_at\": null, \"seo_title\": \"\", \"locked\": false, \"show_in_menus\": false, \"title\": \"Second Post\"}",
        "approved_go_live_at": null
    }
},
{
    "model": "wagtailcore.pagerevision",
    "pk": 7,
    "fields": {
        "page": 6,
        "submitted_for_moderation": false,
        "created_at": "2017-03-16T09:56:11.176Z",
        "user": 1,
        "content_json": "{\"show_in_menus\": false, \"numchild\": 0, \"title\": \"Second Post\", \"search_description\": \"\", \"live\": true, \"depth\": 4, \"content_type\": 29, \"has_unpublished_changes\": false, \"go_live_at\": null, \"first_published_at\": \"2017-03-16T08:50:54.287Z\", \"date\": \"2017-03-15\", \"expire_at\": null, \"locked\": false, \"expired\": false, \"seo_title\": \"\", \"pk\": 6, \"latest_revision_created_at\": \"2017-03-16T08:50:53.973Z\", \"owner\": 1, \"intro\": \"Second Post Read\", \"path\": \"0001000100010002\", \"gallery_images\": [{\"page\": 6, \"pk\": null, \"image\": 2, \"caption\": \"\", \"sort_order\": 0}, {\"page\": 6, \"pk\": null, \"image\": 1, \"caption\": \"\", \"sort_order\": 1}, {\"page\": 6, \"pk\": null, \"image\": 3, \"caption\": \"\", \"sort_order\": 2}], \"body\": \"<p>Aliquam auctor quam nec consectetur gravida. Fusce in imperdiet ipsum, \\nsed dictum mauris. Nulla velit ligula, mattis eget interdum ultricies, \\nvenenatis at quam. Ut fermentum lacus at nisi pellentesque interdum. Sed\\n vitae sodales mi. Curabitur facilisis sapien quis metus porta bibendum.\\n Morbi ullamcorper accumsan varius. Proin ultrices, mi sit amet \\nsollicitudin tempus, tellus nunc auctor libero, sit amet aliquam neque \\nnisl ac ligula. Maecenas id ante non mi porttitor facilisis quis non \\nturpis. Maecenas congue, massa eu dignissim accumsan, libero arcu \\npharetra tortor, vitae varius eros dui nec lacus.\\n</p>\", \"url_path\": \"/home/blog-index-page/second-post/\", \"slug\": \"second-post\"}",
        "approved_go_live_at": null
    }
},
{
    "model": "wagtailcore.pagerevision",
    "pk": 8,
    "fields": {
        "page": 5,
        "submitted_for_moderation": false,
        "created_at": "2017-03-16T10:17:58.408Z",
        "user": 1,
        "content_json": "{\"gallery_images\": [{\"sort_order\": 0, \"pk\": null, \"page\": 5, \"image\": 4, \"caption\": \"\"}, {\"sort_order\": 1, \"pk\": null, \"page\": 5, \"image\": 5, \"caption\": \"\"}, {\"sort_order\": 2, \"pk\": null, \"page\": 5, \"image\": 6, \"caption\": \"\"}], \"pk\": 5, \"first_published_at\": \"2017-03-16T08:03:45.762Z\", \"seo_title\": \"\", \"expired\": false, \"content_type\": 29, \"has_unpublished_changes\": false, \"expire_at\": null, \"owner\": 1, \"title\": \"First Post\", \"body\": \"<p>Lorem ipsum dolor sit amet, consectetur adipiscing elit. Quisque tellus \\nnunc, suscipit at porttitor et, vestibulum vel lacus. Suspendisse \\npotenti. Vivamus sed viverra risus. Nam condimentum ligula at dui \\nplacerat, tempor egestas risus efficitur. Curabitur non rhoncus erat, eu\\n varius arcu. Donec imperdiet arcu blandit augue aliquet, tristique \\naliquet diam laoreet. Nulla tincidunt maximus vulputate. Ut tristique \\naccumsan lobortis. Lorem ipsum dolor sit amet, consectetur adipiscing \\nelit. Class aptent taciti sociosqu ad litora torquent per conubia \\nnostra, per inceptos himenaeos. Nullam scelerisque in lectus non congue.\\n Praesent et mi neque.\\n</p>\", \"date\": \"2017-03-16\", \"locked\": false, \"live\": true, \"path\": \"0001000100010001\", \"depth\": 4, \"search_description\": \"\", \"latest_revision_created_at\": \"2017-03-16T08:41:19.551Z\", \"intro\": \"First Post Read\", \"url_path\": \"/home/blog-index-page/first-post/\", \"slug\": \"first-post\", \"numchild\": 0, \"go_live_at\": null, \"show_in_menus\": false}",
        "approved_go_live_at": null
    }
},
{
    "model": "wagtailcore.pagerevision",
    "pk": 9,
    "fields": {
        "page": 5,
        "submitted_for_moderation": false,
        "created_at": "2017-03-16T10:50:43.953Z",
        "user": 1,
        "content_json": "{\"depth\": 4, \"content_type\": 29, \"gallery_images\": [{\"sort_order\": 0, \"caption\": \"\", \"image\": 4, \"pk\": 4, \"page\": 5}, {\"sort_order\": 1, \"caption\": \"\", \"image\": 5, \"pk\": 5, \"page\": 5}, {\"sort_order\": 2, \"caption\": \"\", \"image\": 6, \"pk\": 6, \"page\": 5}], \"slug\": \"first-post\", \"show_in_menus\": false, \"locked\": false, \"live\": true, \"pk\": 5, \"title\": \"First Post\", \"owner\": 1, \"go_live_at\": null, \"first_published_at\": \"2017-03-16T08:03:45.762Z\", \"intro\": \"First Post Read\", \"search_description\": \"\", \"numchild\": 0, \"latest_revision_created_at\": \"2017-03-16T10:17:58.408Z\", \"has_unpublished_changes\": false, \"tagged_items\": [{\"pk\": null, \"tag\": 8, \"content_object\": 5}, {\"pk\": null, \"tag\": 9, \"content_object\": 5}, {\"pk\": null, \"tag\": 7, \"content_object\": 5}], \"body\": \"<p>Lorem ipsum dolor sit amet, consectetur adipiscing elit. Quisque tellus \\nnunc, suscipit at porttitor et, vestibulum vel lacus. Suspendisse \\npotenti. Vivamus sed viverra risus. Nam condimentum ligula at dui \\nplacerat, tempor egestas risus efficitur. Curabitur non rhoncus erat, eu\\n varius arcu. Donec imperdiet arcu blandit augue aliquet, tristique \\naliquet diam laoreet. Nulla tincidunt maximus vulputate. Ut tristique \\naccumsan lobortis. Lorem ipsum dolor sit amet, consectetur adipiscing \\nelit. Class aptent taciti sociosqu ad litora torquent per conubia \\nnostra, per inceptos himenaeos. Nullam scelerisque in lectus non congue.\\n Praesent et mi neque.\\n</p>\", \"path\": \"0001000100010001\", \"expired\": false, \"url_path\": \"/home/blog-index-page/first-post/\", \"expire_at\": null, \"date\": \"2017-03-16\", \"seo_title\": \"\"}",
        "approved_go_live_at": null
    }
},
{
    "model": "wagtailcore.pagerevision",
    "pk": 10,
    "fields": {
        "page": 6,
        "submitted_for_moderation": false,
        "created_at": "2017-03-16T11:06:39.918Z",
        "user": 1,
        "content_json": "{\"pk\": 6, \"slug\": \"second-post\", \"first_published_at\": \"2017-03-16T08:50:54.287Z\", \"gallery_images\": [{\"pk\": 1, \"sort_order\": 0, \"image\": 2, \"page\": 6, \"caption\": \"\"}, {\"pk\": 2, \"sort_order\": 1, \"image\": 1, \"page\": 6, \"caption\": \"\"}, {\"pk\": 3, \"sort_order\": 2, \"image\": 3, \"page\": 6, \"caption\": \"\"}], \"has_unpublished_changes\": false, \"depth\": 4, \"path\": \"0001000100010002\", \"locked\": false, \"body\": \"<p>Aliquam auctor quam nec consectetur gravida. Fusce in imperdiet ipsum, \\nsed dictum mauris. Nulla velit ligula, mattis eget interdum ultricies, \\nvenenatis at quam. Ut fermentum lacus at nisi pellentesque interdum. Sed\\n vitae sodales mi. Curabitur facilisis sapien quis metus porta bibendum.\\n Morbi ullamcorper accumsan varius. Proin ultrices, mi sit amet \\nsollicitudin tempus, tellus nunc auctor libero, sit amet aliquam neque \\nnisl ac ligula. Maecenas id ante non mi porttitor facilisis quis non \\nturpis. Maecenas congue, massa eu dignissim accumsan, libero arcu \\npharetra tortor, vitae varius eros dui nec lacus.\\n</p>\", \"intro\": \"Second Post Read\", \"numchild\": 0, \"go_live_at\": null, \"url_path\": \"/home/blog-index-page/second-post/\", \"seo_title\": \"\", \"expire_at\": null, \"tagged_items\": [{\"pk\": null, \"tag\": 8, \"content_object\": 6}, {\"pk\": null, \"tag\": 9, \"content_object\": 6}, {\"pk\": null, \"tag\": 10, \"content_object\": 6}], \"date\": \"2017-03-15\", \"show_in_menus\": false, \"title\": \"Second Post\", \"latest_revision_created_at\": \"2017-03-16T09:56:11.176Z\", \"live\": true, \"expired\": false, \"owner\": 1, \"search_description\": \"\", \"content_type\": 29}",
        "approved_go_live_at": null
    }
},
{
    "model": "wagtailcore.pagerevision",
    "pk": 11,
    "fields": {
        "page": 7,
        "submitted_for_moderation": false,
        "created_at": "2017-03-16T11:15:17.208Z",
        "user": 1,
        "content_json": "{\"latest_revision_created_at\": null, \"depth\": 3, \"path\": \"000100010002\", \"seo_title\": \"\", \"content_type\": 32, \"first_published_at\": null, \"has_unpublished_changes\": false, \"search_description\": \"\", \"owner\": 1, \"show_in_menus\": false, \"numchild\": 0, \"slug\": \"blog-tag-index-page\", \"go_live_at\": null, \"expired\": false, \"url_path\": \"/home/blog-tag-index-page/\", \"expire_at\": null, \"live\": true, \"locked\": false, \"title\": \"Blog Tag Index Page\", \"pk\": 7}",
        "approved_go_live_at": null
    }
},
{
    "model": "wagtailcore.pagerevision",
    "pk": 12,
    "fields": {
        "page": 8,
        "submitted_for_moderation": false,
        "created_at": "2017-03-16T11:20:34.751Z",
        "user": 1,
        "content_json": "{\"slug\": \"third-post\", \"url_path\": \"/home/blog-index-page/third-post/\", \"content_type\": 29, \"show_in_menus\": true, \"has_unpublished_changes\": false, \"intro\": \"Third Post Read\", \"date\": \"2017-03-16\", \"gallery_images\": [{\"sort_order\": 0, \"image\": 5, \"pk\": 7, \"caption\": \"\", \"page\": 8}], \"expire_at\": null, \"first_published_at\": null, \"live\": true, \"search_description\": \"\", \"locked\": false, \"go_live_at\": null, \"path\": \"0001000100010003\", \"numchild\": 0, \"tagged_items\": [{\"tag\": 8, \"pk\": 7, \"content_object\": 8}, {\"tag\": 11, \"pk\": 8, \"content_object\": 8}], \"depth\": 4, \"owner\": 1, \"pk\": 8, \"title\": \"Third Post\", \"seo_title\": \"\", \"expired\": false, \"latest_revision_created_at\": null, \"body\": \"<p>Ut convallis arcu mauris, vel varius nisl consequat at. Morbi eu nibh \\ntempor nibh tempor mattis non vitae elit. Integer at vulputate massa. \\nDonec vitae porttitor mauris, vitae interdum metus. Nam a ultricies \\nnunc. Nam lorem mi, facilisis nec sem vitae, imperdiet cursus dui. \\nQuisque est tortor, rutrum quis nisl ut, hendrerit posuere sem.\\n</p>\"}",
        "approved_go_live_at": null
    }
},
{
    "model": "wagtailcore.pagerevision",
    "pk": 14,
    "fields": {
        "page": 7,
        "submitted_for_moderation": false,
        "created_at": "2017-03-16T11:42:59.907Z",
        "user": 1,
        "content_json": "{\"seo_title\": \"\", \"locked\": false, \"expired\": false, \"has_unpublished_changes\": false, \"path\": \"000100010002\", \"numchild\": 0, \"pk\": 7, \"depth\": 3, \"show_in_menus\": false, \"slug\": \"tags\", \"title\": \"Blog Tag Index Page\", \"search_description\": \"\", \"go_live_at\": null, \"owner\": 1, \"url_path\": \"/home/blog-tag-index-page/\", \"latest_revision_created_at\": \"2017-03-16T11:15:17.208Z\", \"content_type\": 32, \"expire_at\": null, \"live\": true, \"first_published_at\": \"2017-03-16T11:15:17.557Z\"}",
        "approved_go_live_at": null
    }
},
{
    "model": "wagtailcore.pagerevision",
    "pk": 15,
    "fields": {
        "page": 5,
        "submitted_for_moderation": false,
        "created_at": "2017-03-16T12:21:51.878Z",
        "user": 1,
        "content_json": "{\"title\": \"First Post\", \"locked\": false, \"first_published_at\": \"2017-03-16T08:03:45.762Z\", \"latest_revision_created_at\": \"2017-03-16T10:50:43.953Z\", \"pk\": 5, \"search_description\": \"\", \"gallery_images\": [{\"sort_order\": 0, \"caption\": \"\", \"pk\": 4, \"image\": 4, \"page\": 5}, {\"sort_order\": 1, \"caption\": \"\", \"pk\": 5, \"image\": 5, \"page\": 5}, {\"sort_order\": 2, \"caption\": \"\", \"pk\": 6, \"image\": 6, \"page\": 5}], \"numchild\": 0, \"go_live_at\": null, \"date\": \"2017-03-16\", \"has_unpublished_changes\": false, \"path\": \"0001000100010001\", \"seo_title\": \"\", \"intro\": \"First Post Read\", \"depth\": 4, \"categories\": [1], \"body\": \"<p>Lorem ipsum dolor sit amet, consectetur adipiscing elit. Quisque tellus \\nnunc, suscipit at porttitor et, vestibulum vel lacus. Suspendisse \\npotenti. Vivamus sed viverra risus. Nam condimentum ligula at dui \\nplacerat, tempor egestas risus efficitur. Curabitur non rhoncus erat, eu\\n varius arcu. Donec imperdiet arcu blandit augue aliquet, tristique \\naliquet diam laoreet. Nulla tincidunt maximus vulputate. Ut tristique \\naccumsan lobortis. Lorem ipsum dolor sit amet, consectetur adipiscing \\nelit. Class aptent taciti sociosqu ad litora torquent per conubia \\nnostra, per inceptos himenaeos. Nullam scelerisque in lectus non congue.\\n Praesent et mi neque.\\n</p>\", \"owner\": 1, \"tagged_items\": [{\"content_object\": 5, \"tag\": 8, \"pk\": null}, {\"content_object\": 5, \"tag\": 9, \"pk\": null}, {\"content_object\": 5, \"tag\": 7, \"pk\": null}], \"url_path\": \"/home/blog-index-page/first-post/\", \"expire_at\": null, \"live\": true, \"content_type\": 29, \"slug\": \"first-post\", \"expired\": false, \"show_in_menus\": false}",
        "approved_go_live_at": null
    }
},
{
    "model": "wagtailcore.pagerevision",
    "pk": 16,
    "fields": {
        "page": 6,
        "submitted_for_moderation": false,
        "created_at": "2017-03-16T12:23:40.215Z",
        "user": 1,
        "content_json": "{\"title\": \"Second Post\", \"locked\": false, \"first_published_at\": \"2017-03-16T08:50:54.287Z\", \"latest_revision_created_at\": \"2017-03-16T11:06:39.918Z\", \"pk\": 6, \"search_description\": \"\", \"gallery_images\": [{\"sort_order\": 0, \"caption\": \"\", \"pk\": 1, \"image\": 2, \"page\": 6}, {\"sort_order\": 1, \"caption\": \"\", \"pk\": 2, \"image\": 1, \"page\": 6}, {\"sort_order\": 2, \"caption\": \"\", \"pk\": 3, \"image\": 3, \"page\": 6}], \"numchild\": 0, \"go_live_at\": null, \"date\": \"2017-03-15\", \"has_unpublished_changes\": false, \"path\": \"0001000100010002\", \"seo_title\": \"\", \"intro\": \"Second Post Read\", \"depth\": 4, \"categories\": [1, 2], \"body\": \"<p>Aliquam auctor quam nec consectetur gravida. Fusce in imperdiet ipsum, \\nsed dictum mauris. Nulla velit ligula, mattis eget interdum ultricies, \\nvenenatis at quam. Ut fermentum lacus at nisi pellentesque interdum. Sed\\n vitae sodales mi. Curabitur facilisis sapien quis metus porta bibendum.\\n Morbi ullamcorper accumsan varius. Proin ultrices, mi sit amet \\nsollicitudin tempus, tellus nunc auctor libero, sit amet aliquam neque \\nnisl ac ligula. Maecenas id ante non mi porttitor facilisis quis non \\nturpis. Maecenas congue, massa eu dignissim accumsan, libero arcu \\npharetra tortor, vitae varius eros dui nec lacus.\\n</p>\", \"owner\": 1, \"tagged_items\": [{\"content_object\": 6, \"tag\": 8, \"pk\": null}, {\"content_object\": 6, \"tag\": 9, \"pk\": null}, {\"content_object\": 6, \"tag\": 10, \"pk\": null}], \"url_path\": \"/home/blog-index-page/second-post/\", \"expire_at\": null, \"live\": true, \"content_type\": 29, \"slug\": \"second-post\", \"expired\": false, \"show_in_menus\": false}",
        "approved_go_live_at": null
    }
},
{
    "model": "wagtailcore.pagerevision",
    "pk": 17,
    "fields": {
        "page": 10,
        "submitted_for_moderation": false,
        "created_at": "2017-04-07T20:04:47.237Z",
        "user": 1,
        "content_json": "{\"has_unpublished_changes\": false, \"numchild\": 0, \"intro\": \"<p>Vas\\u0131talar</p>\", \"depth\": 3, \"url_path\": \"/home/vasita/\", \"expired\": false, \"seo_title\": \"Vas\\u0131ta\", \"pk\": 10, \"latest_revision_created_at\": null, \"locked\": false, \"show_in_menus\": true, \"go_live_at\": null, \"owner\": 1, \"content_type\": 28, \"search_description\": \"\", \"slug\": \"vasita\", \"first_published_at\": null, \"expire_at\": null, \"title\": \"Vas\\u0131ta\", \"live\": true, \"path\": \"000100010003\"}",
        "approved_go_live_at": null
    }
},
{
    "model": "wagtailcore.pagerevision",
    "pk": 18,
    "fields": {
        "page": 11,
        "submitted_for_moderation": false,
        "created_at": "2017-04-07T20:08:59.709Z",
        "user": 1,
        "content_json": "{\"has_unpublished_changes\": false, \"numchild\": 0, \"intro\": \"\", \"depth\": 4, \"url_path\": \"/home/vasita/otomobil/\", \"expired\": false, \"seo_title\": \"\", \"pk\": 11, \"latest_revision_created_at\": null, \"locked\": false, \"show_in_menus\": false, \"go_live_at\": null, \"owner\": 1, \"content_type\": 28, \"search_description\": \"\", \"slug\": \"otomobil\", \"first_published_at\": null, \"expire_at\": null, \"title\": \"Otomobil\", \"live\": false, \"path\": \"0001000100030001\"}",
        "approved_go_live_at": null
    }
},
{
    "model": "wagtailcore.pagerevision",
    "pk": 19,
    "fields": {
        "page": 11,
        "submitted_for_moderation": false,
        "created_at": "2017-04-07T20:09:34.529Z",
        "user": 1,
        "content_json": "{\"has_unpublished_changes\": true, \"numchild\": 0, \"intro\": \"<p>Otomobil</p>\", \"depth\": 4, \"url_path\": \"/home/vasita/otomobil/\", \"expired\": false, \"seo_title\": \"\", \"pk\": 11, \"latest_revision_created_at\": \"2017-04-07T20:08:59.709Z\", \"locked\": false, \"show_in_menus\": false, \"go_live_at\": null, \"owner\": 1, \"content_type\": 28, \"search_description\": \"\", \"slug\": \"otomobil\", \"first_published_at\": null, \"expire_at\": null, \"title\": \"Otomobil\", \"live\": false, \"path\": \"0001000100030001\"}",
        "approved_go_live_at": null
    }
},
{
    "model": "wagtailcore.pagerevision",
    "pk": 20,
    "fields": {
        "page": 12,
        "submitted_for_moderation": false,
        "created_at": "2017-04-07T20:12:08.878Z",
        "user": 1,
        "content_json": "{\"has_unpublished_changes\": false, \"numchild\": 0, \"intro\": \"<p><a href=\\\"https://www.sahibinden.com/arazi-suv-pick-up\\\">Arazi, SUV &amp; Pick-up</a></p>\", \"depth\": 4, \"url_path\": \"/home/vasita/arazi-suv-pick-up/\", \"expired\": false, \"seo_title\": \"Arazi, SUV & Pick-up\", \"pk\": 12, \"latest_revision_created_at\": null, \"locked\": false, \"show_in_menus\": true, \"go_live_at\": null, \"owner\": 1, \"content_type\": 28, \"search_description\": \"\", \"slug\": \"arazi-suv-pick-up\", \"first_published_at\": null, \"expire_at\": null, \"title\": \"Arazi, SUV & Pick-up\", \"live\": true, \"path\": \"0001000100030002\"}",
        "approved_go_live_at": null
    }
},
{
    "model": "wagtailcore.pagerevision",
    "pk": 21,
    "fields": {
        "page": 13,
        "submitted_for_moderation": false,
        "created_at": "2017-04-07T20:12:53.946Z",
        "user": 1,
        "content_json": "{\"has_unpublished_changes\": false, \"numchild\": 0, \"intro\": \"<p><a href=\\\"https://www.sahibinden.com/motosiklet\\\">Motosiklet</a></p>\", \"depth\": 4, \"url_path\": \"/home/vasita/motosiklet/\", \"expired\": false, \"seo_title\": \"Motosiklet\", \"pk\": 13, \"latest_revision_created_at\": null, \"locked\": false, \"show_in_menus\": true, \"go_live_at\": null, \"owner\": 1, \"content_type\": 28, \"search_description\": \"\", \"slug\": \"motosiklet\", \"first_published_at\": null, \"expire_at\": null, \"title\": \"Motosiklet\", \"live\": true, \"path\": \"0001000100030003\"}",
        "approved_go_live_at": null
    }
},
{
    "model": "wagtailcore.pagerevision",
    "pk": 22,
    "fields": {
        "page": 14,
        "submitted_for_moderation": false,
        "created_at": "2017-04-07T20:13:34.199Z",
        "user": 1,
        "content_json": "{\"has_unpublished_changes\": false, \"numchild\": 0, \"intro\": \"<p><a href=\\\"https://www.sahibinden.com/minivan-panelvan\\\">Minivan &amp; Panelvan</a></p><p><p></p><p>https://www.sahibinden.com/minivan-panelvan</p></p><p></p>\", \"depth\": 4, \"url_path\": \"/home/vasita/minivan-panelvan/\", \"expired\": false, \"seo_title\": \"Minivan & Panelvan\", \"pk\": 14, \"latest_revision_created_at\": null, \"locked\": false, \"show_in_menus\": true, \"go_live_at\": null, \"owner\": 1, \"content_type\": 28, \"search_description\": \"\", \"slug\": \"minivan-panelvan\", \"first_published_at\": null, \"expire_at\": null, \"title\": \"Minivan & Panelvan\", \"live\": true, \"path\": \"0001000100030004\"}",
        "approved_go_live_at": null
    }
},
{
    "model": "wagtailcore.pagerevision",
    "pk": 23,
    "fields": {
        "page": 14,
        "submitted_for_moderation": false,
        "created_at": "2017-04-07T20:14:30.600Z",
        "user": 1,
        "content_json": "{\"has_unpublished_changes\": false, \"numchild\": 0, \"intro\": \"Minivan &amp; Panelvan<p></p><p></p>\", \"depth\": 4, \"url_path\": \"/home/vasita/minivan-panelvan/\", \"expired\": false, \"seo_title\": \"Minivan & Panelvan\", \"pk\": 14, \"latest_revision_created_at\": \"2017-04-07T20:13:34.199Z\", \"locked\": false, \"show_in_menus\": true, \"go_live_at\": null, \"owner\": 1, \"content_type\": 28, \"search_description\": \"\", \"slug\": \"minivan-panelvan\", \"first_published_at\": \"2017-04-07T20:13:34.253Z\", \"expire_at\": null, \"title\": \"Minivan & Panelvan\", \"live\": true, \"path\": \"0001000100030004\"}",
        "approved_go_live_at": null
    }
},
{
    "model": "wagtailcore.pagerevision",
    "pk": 24,
    "fields": {
        "page": 13,
        "submitted_for_moderation": false,
        "created_at": "2017-04-07T20:14:51.568Z",
        "user": 1,
        "content_json": "{\"has_unpublished_changes\": false, \"numchild\": 0, \"intro\": \"<p>Motosiklet<br/></p>\", \"depth\": 4, \"url_path\": \"/home/vasita/motosiklet/\", \"expired\": false, \"seo_title\": \"Motosiklet\", \"pk\": 13, \"latest_revision_created_at\": \"2017-04-07T20:12:53.946Z\", \"locked\": false, \"show_in_menus\": true, \"go_live_at\": null, \"owner\": 1, \"content_type\": 28, \"search_description\": \"\", \"slug\": \"motosiklet\", \"first_published_at\": \"2017-04-07T20:12:53.994Z\", \"expire_at\": null, \"title\": \"Motosiklet\", \"live\": true, \"path\": \"0001000100030003\"}",
        "approved_go_live_at": null
    }
},
{
    "model": "wagtailcore.pagerevision",
    "pk": 25,
    "fields": {
        "page": 12,
        "submitted_for_moderation": false,
        "created_at": "2017-04-07T20:15:06.960Z",
        "user": 1,
        "content_json": "{\"has_unpublished_changes\": false, \"numchild\": 0, \"intro\": \"<p>Arazi, SUV &amp; Pick-up<br/></p>\", \"depth\": 4, \"url_path\": \"/home/vasita/arazi-suv-pick-up/\", \"expired\": false, \"seo_title\": \"Arazi, SUV & Pick-up\", \"pk\": 12, \"latest_revision_created_at\": \"2017-04-07T20:12:08.878Z\", \"locked\": false, \"show_in_menus\": true, \"go_live_at\": null, \"owner\": 1, \"content_type\": 28, \"search_description\": \"\", \"slug\": \"arazi-suv-pick-up\", \"first_published_at\": \"2017-04-07T20:12:08.936Z\", \"expire_at\": null, \"title\": \"Arazi, SUV & Pick-up\", \"live\": true, \"path\": \"0001000100030002\"}",
        "approved_go_live_at": null
    }
},
{
    "model": "wagtailcore.pagerevision",
    "pk": 26,
    "fields": {
        "page": 15,
        "submitted_for_moderation": false,
        "created_at": "2017-04-07T20:16:10.710Z",
        "user": 1,
        "content_json": "{\"has_unpublished_changes\": false, \"numchild\": 0, \"intro\": \"<p>Alfa Romeo</p>\", \"depth\": 5, \"url_path\": \"/home/vasita/otomobil/alfa-romeo/\", \"expired\": false, \"seo_title\": \"\", \"pk\": 15, \"latest_revision_created_at\": null, \"locked\": false, \"show_in_menus\": false, \"go_live_at\": null, \"owner\": 1, \"content_type\": 28, \"search_description\": \"\", \"slug\": \"alfa-romeo\", \"first_published_at\": null, \"expire_at\": null, \"title\": \"Alfa Romeo\", \"live\": true, \"path\": \"00010001000300010001\"}",
        "approved_go_live_at": null
    }
},
{
    "model": "wagtailcore.pagerevision",
    "pk": 27,
    "fields": {
        "page": 16,
        "submitted_for_moderation": false,
        "created_at": "2017-04-07T20:17:15.658Z",
        "user": 1,
        "content_json": "{\"has_unpublished_changes\": false, \"numchild\": 0, \"intro\": \"<p>Mercedes - Benz</p>\", \"depth\": 5, \"url_path\": \"/home/vasita/otomobil/mercedes-benz/\", \"expired\": false, \"seo_title\": \"Mercedes - Benz\", \"pk\": 16, \"latest_revision_created_at\": null, \"locked\": false, \"show_in_menus\": true, \"go_live_at\": null, \"owner\": 1, \"content_type\": 28, \"search_description\": \"\", \"slug\": \"mercedes-benz\", \"first_published_at\": null, \"expire_at\": null, \"title\": \"Mercedes - Benz\", \"live\": true, \"path\": \"00010001000300010002\"}",
        "approved_go_live_at": null
    }
},
{
    "model": "wagtailcore.pagerevision",
    "pk": 28,
    "fields": {
        "page": 17,
        "submitted_for_moderation": false,
        "created_at": "2017-04-07T20:17:50.411Z",
        "user": 1,
        "content_json": "{\"has_unpublished_changes\": false, \"numchild\": 0, \"intro\": \"<p>Renault</p>\", \"depth\": 5, \"url_path\": \"/home/vasita/otomobil/renault/\", \"expired\": false, \"seo_title\": \"Renault\", \"pk\": 17, \"latest_revision_created_at\": null, \"locked\": false, \"show_in_menus\": true, \"go_live_at\": null, \"owner\": 1, \"content_type\": 28, \"search_description\": \"\", \"slug\": \"renault\", \"first_published_at\": null, \"expire_at\": null, \"title\": \"Renault\", \"live\": true, \"path\": \"00010001000300010003\"}",
        "approved_go_live_at": null
    }
},
{
    "model": "wagtailcore.pagerevision",
    "pk": 29,
    "fields": {
        "page": 14,
        "submitted_for_moderation": false,
        "created_at": "2017-04-07T20:18:26.292Z",
        "user": 1,
        "content_json": "{\"has_unpublished_changes\": false, \"numchild\": 0, \"intro\": \"Minivan &amp; Panelvan<p></p><p></p>\", \"depth\": 4, \"url_path\": \"/home/vasita/minivan-panelvan/\", \"expired\": false, \"seo_title\": \"Minivan & Panelvan\", \"pk\": 14, \"latest_revision_created_at\": \"2017-04-07T20:14:30.600Z\", \"locked\": false, \"show_in_menus\": true, \"go_live_at\": null, \"owner\": 1, \"content_type\": 28, \"search_description\": \"\", \"slug\": \"minivan-panelvan\", \"first_published_at\": \"2017-04-07T20:13:34.253Z\", \"expire_at\": null, \"title\": \"Minivan & Panelvan\", \"live\": true, \"path\": \"0001000100030004\"}",
        "approved_go_live_at": null
    }
},
{
    "model": "wagtailcore.pagerevision",
    "pk": 30,
    "fields": {
        "page": 14,
        "submitted_for_moderation": false,
        "created_at": "2017-04-07T20:19:05.440Z",
        "user": 1,
        "content_json": "{\"has_unpublished_changes\": false, \"numchild\": 0, \"intro\": \"<p>Minivan &amp; Panelvan</p><p></p><p></p>\", \"depth\": 4, \"url_path\": \"/home/vasita/minivan-panelvan/\", \"expired\": false, \"seo_title\": \"Minivan & Panelvan\", \"pk\": 14, \"latest_revision_created_at\": \"2017-04-07T20:18:26.292Z\", \"locked\": false, \"show_in_menus\": true, \"go_live_at\": null, \"owner\": 1, \"content_type\": 28, \"search_description\": \"\", \"slug\": \"minivan-panelvan\", \"first_published_at\": \"2017-04-07T20:13:34.253Z\", \"expire_at\": null, \"title\": \"Minivan & Panelvan\", \"live\": true, \"path\": \"0001000100030004\"}",
        "approved_go_live_at": null
    }
},
{
    "model": "wagtailcore.pagerevision",
    "pk": 31,
    "fields": {
        "page": 14,
        "submitted_for_moderation": false,
        "created_at": "2017-04-07T20:20:10.513Z",
        "user": 1,
        "content_json": "{\"has_unpublished_changes\": false, \"numchild\": 0, \"intro\": \"<br/><p></p><p></p>\", \"depth\": 4, \"url_path\": \"/home/vasita/minivan-panelvan/\", \"expired\": false, \"seo_title\": \"Minivan & Panelvan\", \"pk\": 14, \"latest_revision_created_at\": \"2017-04-07T20:19:05.440Z\", \"locked\": false, \"show_in_menus\": true, \"go_live_at\": null, \"owner\": 1, \"content_type\": 28, \"search_description\": \"\", \"slug\": \"minivan-panelvan\", \"first_published_at\": \"2017-04-07T20:13:34.253Z\", \"expire_at\": null, \"title\": \"Minivan & Panelvan\", \"live\": true, \"path\": \"0001000100030004\"}",
        "approved_go_live_at": null
    }
},
{
    "model": "wagtailcore.pagerevision",
    "pk": 32,
    "fields": {
        "page": 14,
        "submitted_for_moderation": false,
        "created_at": "2017-04-07T20:20:41.739Z",
        "user": 1,
        "content_json": "{\"has_unpublished_changes\": false, \"numchild\": 0, \"intro\": \"Minivan &amp; Panelvan<br/><p></p><p></p>\", \"depth\": 4, \"url_path\": \"/home/vasita/minivan-panelvan/\", \"expired\": false, \"seo_title\": \"Minivan & Panelvan\", \"pk\": 14, \"latest_revision_created_at\": \"2017-04-07T20:20:10.513Z\", \"locked\": false, \"show_in_menus\": true, \"go_live_at\": null, \"owner\": 1, \"content_type\": 28, \"search_description\": \"\", \"slug\": \"minivan-panelvan\", \"first_published_at\": \"2017-04-07T20:13:34.253Z\", \"expire_at\": null, \"title\": \"Minivan & Panelvan\", \"live\": true, \"path\": \"0001000100030004\"}",
        "approved_go_live_at": null
    }
},
{
    "model": "wagtailcore.pagerevision",
    "pk": 33,
    "fields": {
        "page": 18,
        "submitted_for_moderation": false,
        "created_at": "2017-04-07T20:23:00.329Z",
        "user": 1,
        "content_json": "{\"has_unpublished_changes\": false, \"numchild\": 0, \"intro\": \"<p>Clio<br/></p>\", \"depth\": 6, \"url_path\": \"/home/vasita/otomobil/renault/clio/\", \"expired\": false, \"seo_title\": \"Clio\", \"pk\": 18, \"latest_revision_created_at\": null, \"locked\": false, \"show_in_menus\": true, \"go_live_at\": null, \"owner\": 1, \"content_type\": 28, \"search_description\": \"\", \"slug\": \"clio\", \"first_published_at\": null, \"expire_at\": null, \"title\": \"Clio\", \"live\": true, \"path\": \"000100010003000100030001\"}",
        "approved_go_live_at": null
    }
},
{
    "model": "wagtailcore.pagerevision",
    "pk": 34,
    "fields": {
        "page": 19,
        "submitted_for_moderation": false,
        "created_at": "2017-04-07T20:24:13.397Z",
        "user": 1,
        "content_json": "{\"has_unpublished_changes\": false, \"numchild\": 0, \"intro\": \"<p>Fluence</p>\", \"depth\": 6, \"url_path\": \"/home/vasita/otomobil/renault/fluence/\", \"expired\": false, \"seo_title\": \"Fluence\", \"pk\": 19, \"latest_revision_created_at\": null, \"locked\": false, \"show_in_menus\": true, \"go_live_at\": null, \"owner\": 1, \"content_type\": 28, \"search_description\": \"\", \"slug\": \"fluence\", \"first_published_at\": null, \"expire_at\": null, \"title\": \"Fluence\", \"live\": true, \"path\": \"000100010003000100030002\"}",
        "approved_go_live_at": null
    }
},
{
    "model": "wagtailcore.pagerevision",
    "pk": 35,
    "fields": {
        "page": 20,
        "submitted_for_moderation": false,
        "created_at": "2017-04-07T20:25:14.032Z",
        "user": 1,
        "content_json": "{\"has_unpublished_changes\": false, \"numchild\": 0, \"intro\": \"<p>1.5 dCi</p>\", \"depth\": 7, \"url_path\": \"/home/vasita/otomobil/renault/clio/15-dci/\", \"expired\": false, \"seo_title\": \"1.5 dCi\", \"pk\": 20, \"latest_revision_created_at\": null, \"locked\": false, \"show_in_menus\": true, \"go_live_at\": null, \"owner\": 1, \"content_type\": 28, \"search_description\": \"\", \"slug\": \"15-dci\", \"first_published_at\": null, \"expire_at\": null, \"title\": \"1.5 dCi\", \"live\": true, \"path\": \"0001000100030001000300010001\"}",
        "approved_go_live_at": null
    }
},
{
    "model": "wagtailcore.pagerevision",
    "pk": 36,
    "fields": {
        "page": 21,
        "submitted_for_moderation": false,
        "created_at": "2017-04-07T20:26:32.056Z",
        "user": 1,
        "content_json": "{\"has_unpublished_changes\": false, \"numchild\": 0, \"intro\": \"<p>1.5 dCi </p>\", \"depth\": 7, \"url_path\": \"/home/vasita/otomobil/renault/fluence/15-dci/\", \"expired\": false, \"seo_title\": \"\", \"pk\": 21, \"latest_revision_created_at\": null, \"locked\": false, \"show_in_menus\": false, \"go_live_at\": null, \"owner\": 1, \"content_type\": 28, \"search_description\": \"\", \"slug\": \"15-dci\", \"first_published_at\": null, \"expire_at\": null, \"title\": \"1.5 dCi\", \"live\": true, \"path\": \"0001000100030001000300020001\"}",
        "approved_go_live_at": null
    }
},
{
    "model": "wagtailcore.pagerevision",
    "pk": 37,
    "fields": {
        "page": 22,
        "submitted_for_moderation": false,
        "created_at": "2017-04-07T20:27:20.388Z",
        "user": 1,
        "content_json": "{\"has_unpublished_changes\": false, \"numchild\": 0, \"intro\": \"<p>Alize</p>\", \"depth\": 8, \"url_path\": \"/home/vasita/otomobil/renault/clio/15-dci/alize/\", \"expired\": false, \"seo_title\": \"Alize\", \"pk\": 22, \"latest_revision_created_at\": null, \"locked\": false, \"show_in_menus\": true, \"go_live_at\": null, \"owner\": 1, \"content_type\": 28, \"search_description\": \"\", \"slug\": \"alize\", \"first_published_at\": null, \"expire_at\": null, \"title\": \"Alize\", \"live\": true, \"path\": \"00010001000300010003000100010001\"}",
        "approved_go_live_at": null
    }
},
{
    "model": "wagtailcore.pagerevision",
    "pk": 38,
    "fields": {
        "page": 23,
        "submitted_for_moderation": false,
        "created_at": "2017-04-07T20:28:28.961Z",
        "user": 1,
        "content_json": "{\"has_unpublished_changes\": false, \"numchild\": 0, \"intro\": \"<p>Authentique</p>\", \"depth\": 8, \"url_path\": \"/home/vasita/otomobil/renault/clio/15-dci/authentique/\", \"expired\": false, \"seo_title\": \"Authentique\", \"pk\": 23, \"latest_revision_created_at\": null, \"locked\": false, \"show_in_menus\": true, \"go_live_at\": null, \"owner\": 1, \"content_type\": 28, \"search_description\": \"\", \"slug\": \"authentique\", \"first_published_at\": null, \"expire_at\": null, \"title\": \"Authentique\", \"live\": true, \"path\": \"00010001000300010003000100010002\"}",
        "approved_go_live_at": null
    }
},
{
    "model": "wagtailcore.pagerevision",
    "pk": 39,
    "fields": {
        "page": 24,
        "submitted_for_moderation": false,
        "created_at": "2017-04-07T20:29:23.784Z",
        "user": 1,
        "content_json": "{\"has_unpublished_changes\": false, \"numchild\": 0, \"intro\": \"<p>Joy</p>\", \"depth\": 8, \"url_path\": \"/home/vasita/otomobil/renault/fluence/15-dci/joy/\", \"expired\": false, \"seo_title\": \"Joy\", \"pk\": 24, \"latest_revision_created_at\": null, \"locked\": false, \"show_in_menus\": true, \"go_live_at\": null, \"owner\": 1, \"content_type\": 28, \"search_description\": \"\", \"slug\": \"joy\", \"first_published_at\": null, \"expire_at\": null, \"title\": \"Joy\", \"live\": true, \"path\": \"00010001000300010003000200010001\"}",
        "approved_go_live_at": null
    }
},
{
    "model": "wagtailcore.pagerevision",
    "pk": 40,
    "fields": {
        "page": 25,
        "submitted_for_moderation": false,
        "created_at": "2017-04-07T20:30:10.911Z",
        "user": 1,
        "content_json": "{\"has_unpublished_changes\": false, \"numchild\": 0, \"intro\": \"<p>Privilege</p>\", \"depth\": 8, \"url_path\": \"/home/vasita/otomobil/renault/fluence/15-dci/privilege/\", \"expired\": false, \"seo_title\": \"Privilege\", \"pk\": 25, \"latest_revision_created_at\": null, \"locked\": false, \"show_in_menus\": true, \"go_live_at\": null, \"owner\": 1, \"content_type\": 28, \"search_description\": \"\", \"slug\": \"privilege\", \"first_published_at\": null, \"expire_at\": null, \"title\": \"Privilege\", \"live\": true, \"path\": \"00010001000300010003000200010002\"}",
        "approved_go_live_at": null
    }
},
{
    "model": "wagtailcore.pagerevision",
    "pk": 41,
    "fields": {
        "page": 26,
        "submitted_for_moderation": false,
        "created_at": "2017-04-07T20:35:01.165Z",
        "user": 1,
        "content_json": "{\"has_unpublished_changes\": false, \"numchild\": 0, \"depth\": 9, \"date\": \"2017-04-07\", \"body\": \"<p>FULL + FULL FLUENCE NAV\\u0130GASYON + SUNRUF + DER\\u0130 D\\u00d6\\u015eEME</p>\", \"seo_title\": \"FULL + FULL FLUENCE NAV\\u0130GASYON + SUNRUF + DER\\u0130 D\\u00d6\\u015eEME\", \"pk\": 26, \"expired\": false, \"slug\": \"full-full-fluence-navigasyon-sunruf-deri-\", \"first_published_at\": null, \"categories\": [], \"show_in_menus\": true, \"intro\": \"FULL + FULL FLUENCE NAV\\u0130GASYON + SUNRUF + DER\\u0130 D\\u00d6\\u015eEME\", \"tagged_items\": [{\"tag\": 13, \"pk\": 15, \"content_object\": 26}], \"go_live_at\": null, \"url_path\": \"/home/vasita/otomobil/renault/fluence/15-dci/privilege/full-full-fluence-navigasyon-sunruf-deri-/\", \"locked\": false, \"latest_revision_created_at\": null, \"owner\": 1, \"content_type\": 29, \"search_description\": \"\", \"gallery_images\": [{\"page\": 26, \"image\": 7, \"sort_order\": 0, \"pk\": 8, \"caption\": \"\"}], \"expire_at\": null, \"title\": \"FULL + FULL FLUENCE NAV\\u0130GASYON + SUNRUF + DER\\u0130 D\\u00d6\\u015eEME\", \"live\": true, \"path\": \"000100010003000100030002000100020001\"}",
        "approved_go_live_at": null
    }
},
{
    "model": "wagtailcore.pagerevision",
    "pk": 42,
    "fields": {
        "page": 27,
        "submitted_for_moderation": false,
        "created_at": "2017-04-08T05:33:25.111Z",
        "user": 1,
        "content_json": "{\"depth\": 9, \"title\": \"KAREN RENAULT'DAN 2011 MODEL FLUENCE 1.5 PR\\u0130V\\u0130LEGE DC\\u0130\", \"slug\": \"karen-renaultdan-2011-model-fluence-15-privilege-dci\", \"search_description\": \"\", \"seo_title\": \"KAREN RENAULT'DAN 2011 MODEL FLUENCE 1.5 PR\\u0130V\\u0130LEGE DC\\u0130\", \"categories\": [], \"gallery_images\": [{\"sort_order\": 0, \"page\": 27, \"pk\": 9, \"image\": 5, \"caption\": \"\"}, {\"sort_order\": 1, \"page\": 27, \"pk\": 10, \"image\": 2, \"caption\": \"\"}], \"locked\": false, \"expired\": false, \"tagged_items\": [{\"tag\": 14, \"pk\": 16, \"content_object\": 27}], \"date\": \"2017-04-08\", \"latest_revision_created_at\": null, \"expire_at\": null, \"content_type\": 29, \"owner\": 1, \"live\": true, \"go_live_at\": null, \"numchild\": 0, \"pk\": 27, \"has_unpublished_changes\": false, \"first_published_at\": null, \"intro\": \"KAREN RENAULT'DAN 2011 MODEL FLUENCE 1.5 PR\\u0130V\\u0130LEGE DC\", \"body\": \"<p>Ara\\u00e7 gayet diri ve temizdir.  Hasar kayd\\u0131 yoktur. Ara\\u00e7ta ufak bir kaza \\nsonucu tampon de\\u011fi\\u015fmi\\u015ftir. 16.01.2019 tarihine kadar muayenesi vard\\u0131r.</p>\", \"url_path\": \"/home/vasita/otomobil/renault/fluence/15-dci/privilege/karen-renaultdan-2011-model-fluence-15-privilege-dci/\", \"show_in_menus\": true, \"path\": \"000100010003000100030002000100020002\"}",
        "approved_go_live_at": null
    }
},
{
    "model": "wagtailcore.pagerevision",
    "pk": 43,
    "fields": {
        "page": 28,
        "submitted_for_moderation": false,
        "created_at": "2017-04-08T05:36:20.845Z",
        "user": 1,
        "content_json": "{\"depth\": 9, \"title\": \"2011 MODEL D\\u0130ZEL C\\u0130LO SERV\\u0130S BAKIMLI\", \"slug\": \"2011-model-dizel-cilo-servis-bakimli\", \"search_description\": \"\", \"seo_title\": \"2011 MODEL D\\u0130ZEL C\\u0130LO SERV\\u0130S BAKIMLI\", \"categories\": [], \"gallery_images\": [{\"sort_order\": 0, \"page\": 28, \"pk\": 11, \"image\": 6, \"caption\": \"\"}], \"locked\": false, \"expired\": false, \"tagged_items\": [{\"tag\": 15, \"pk\": 17, \"content_object\": 28}], \"date\": \"2017-04-08\", \"latest_revision_created_at\": null, \"expire_at\": null, \"content_type\": 29, \"owner\": 1, \"live\": true, \"go_live_at\": null, \"numchild\": 0, \"pk\": 28, \"has_unpublished_changes\": false, \"first_published_at\": null, \"intro\": \"2011 MODEL D\\u0130ZEL C\\u0130LO SERV\\u0130S BAKIMLI\", \"body\": \"ARA\\u00c7 MASRAFSIZDIR SERV\\u0130S BAKIMLIDIR\\u00a0<br/>5 par\\u00e7a boyal\\u0131\\u00a0<br/><p>TRAMERDE par\\u00e7a par\\u00e7a 8 bin\\u00a0tl\\u00a0hasar kayd\\u0131 vard\\u0131r </p><p></p>\", \"url_path\": \"/home/vasita/otomobil/renault/clio/15-dci/alize/2011-model-dizel-cilo-servis-bakimli/\", \"show_in_menus\": true, \"path\": \"000100010003000100030001000100010001\"}",
        "approved_go_live_at": null
    }
},
{
    "model": "wagtailcore.pagerevision",
    "pk": 44,
    "fields": {
        "page": 29,
        "submitted_for_moderation": false,
        "created_at": "2017-04-08T06:32:11.386Z",
        "user": 1,
        "content_json": "{\"go_live_at\": null, \"owner\": 1, \"live\": true, \"depth\": 7, \"numchild\": 0, \"title\": \"1.6 dCi\", \"slug\": \"16-dci\", \"latest_revision_created_at\": null, \"has_unpublished_changes\": false, \"search_description\": \"\", \"expire_at\": null, \"intro\": \"<p>1.6 dCi</p>\", \"pk\": 29, \"url_path\": \"/home/vasita/otomobil/renault/fluence/16-dci/\", \"first_published_at\": null, \"show_in_menus\": true, \"locked\": false, \"expired\": false, \"content_type\": 28, \"path\": \"0001000100030001000300020002\", \"seo_title\": \"1.6 dCi\"}",
        "approved_go_live_at": null
    }
},
{
    "model": "wagtailcore.pagerevision",
    "pk": 45,
    "fields": {
        "page": 30,
        "submitted_for_moderation": false,
        "created_at": "2017-04-08T06:34:05.980Z",
        "user": 1,
        "content_json": "{\"depth\": 8, \"title\": \"SUAT PLAZA'DAN 2013 FLUANCE1.6 130 Ps \\u0130CON 6 \\u0130LER\\u0130 56.000\", \"slug\": \"suat-plazadan-2013-fluance16-130-ps-icon-6-ileri-56000\", \"search_description\": \"\", \"seo_title\": \"\", \"categories\": [], \"gallery_images\": [{\"sort_order\": 0, \"page\": 30, \"pk\": 12, \"image\": 6, \"caption\": \"\"}], \"locked\": false, \"expired\": false, \"tagged_items\": [], \"date\": \"2017-04-08\", \"latest_revision_created_at\": null, \"expire_at\": null, \"content_type\": 29, \"owner\": 1, \"live\": true, \"go_live_at\": null, \"numchild\": 0, \"pk\": 30, \"has_unpublished_changes\": false, \"first_published_at\": null, \"intro\": \"SUAT PLAZA'DAN 2013 FLUANCE1.6 130 Ps \\u0130CON 6 \\u0130LER\\u0130 56.000\", \"body\": \"<p><b><i>\\u00a0F\\u0130RMAMIZ\\n S\\u0130ZE G\\u00dcVENL\\u0130 VE HIZLI SATI\\u015e \\u0130MKANI SUNMAKTADIR. SUAT AUTO'DA BULUNAN \\nT\\u00dcM ARA\\u00c7LAR 103 NOKTA EKSPERT\\u0130Z GARANT\\u0130S\\u0130NDED\\u0130R PROFESYONEL KADROMUZLA \\nVE T\\u00dcM A\\u00c7IKLI\\u011eIMIZLA M\\u00dc\\u015eTER\\u0130LER\\u0130M\\u0130ZE H\\u0130ZMET VERMEKTEN MUTLULUK DUYARIZ.</i></b></p>\", \"url_path\": \"/home/vasita/otomobil/renault/fluence/16-dci/suat-plazadan-2013-fluance16-130-ps-icon-6-ileri-56000/\", \"show_in_menus\": false, \"path\": \"00010001000300010003000200020001\"}",
        "approved_go_live_at": null
    }
},
{
    "model": "wagtailcore.pagerevision",
    "pk": 46,
    "fields": {
        "page": 25,
        "submitted_for_moderation": false,
        "created_at": "2017-04-08T15:09:49.760Z",
        "user": 1,
        "content_json": "{\"expire_at\": null, \"search_description\": \"\", \"first_published_at\": \"2017-04-07T20:30:10.965Z\", \"has_unpublished_changes\": false, \"pk\": 25, \"intro\": \"\", \"depth\": 8, \"live\": true, \"latest_revision_created_at\": \"2017-04-07T20:30:10.911Z\", \"expired\": false, \"content_type\": 28, \"path\": \"00010001000300010003000200010002\", \"slug\": \"privilege\", \"owner\": 1, \"numchild\": 2, \"url_path\": \"/home/vasita/otomobil/renault/fluence/15-dci/privilege/\", \"go_live_at\": null, \"show_in_menus\": true, \"seo_title\": \"Privilege\", \"title\": \"Privilege\", \"locked\": false}",
        "approved_go_live_at": null
    }
},
{
    "model": "wagtailcore.pagerevision",
    "pk": 47,
    "fields": {
        "page": 29,
        "submitted_for_moderation": false,
        "created_at": "2017-04-08T15:29:46.401Z",
        "user": 1,
        "content_json": "{\"path\": \"0001000100030001000300020002\", \"locked\": false, \"owner\": 1, \"title\": \"1.6 dCi\", \"numchild\": 1, \"go_live_at\": null, \"has_unpublished_changes\": false, \"show_in_menus\": false, \"pk\": 29, \"search_description\": \"\", \"content_type\": 28, \"depth\": 7, \"live\": true, \"expired\": false, \"slug\": \"16-dci\", \"url_path\": \"/home/vasita/otomobil/renault/fluence/16-dci/\", \"intro\": \"\", \"first_published_at\": \"2017-04-08T06:32:11.442Z\", \"latest_revision_created_at\": \"2017-04-08T06:32:11.386Z\", \"expire_at\": null, \"seo_title\": \"1.6 dCi\"}",
        "approved_go_live_at": null
    }
},
{
    "model": "wagtailcore.pagerevision",
    "pk": 48,
    "fields": {
        "page": 21,
        "submitted_for_moderation": false,
        "created_at": "2017-04-08T15:37:39.405Z",
        "user": 1,
        "content_json": "{\"latest_revision_created_at\": \"2017-04-07T20:26:32.056Z\", \"depth\": 7, \"numchild\": 2, \"search_description\": \"\", \"seo_title\": \"\", \"go_live_at\": null, \"show_in_menus\": false, \"pk\": 21, \"first_published_at\": \"2017-04-07T20:26:32.109Z\", \"path\": \"0001000100030001000300020001\", \"slug\": \"15-dci\", \"locked\": false, \"expire_at\": null, \"content_type\": 28, \"owner\": 1, \"url_path\": \"/home/vasita/otomobil/renault/fluence/15-dci/\", \"intro\": \"<p><br/></p>\", \"expired\": false, \"has_unpublished_changes\": true, \"title\": \"1.5 dCi\", \"live\": false}",
        "approved_go_live_at": null
    }
},
{
    "model": "wagtailcore.pagerevision",
    "pk": 49,
    "fields": {
        "page": 29,
        "submitted_for_moderation": false,
        "created_at": "2017-04-08T15:37:55.408Z",
        "user": 1,
        "content_json": "{\"latest_revision_created_at\": \"2017-04-08T15:29:46.401Z\", \"depth\": 7, \"numchild\": 1, \"search_description\": \"\", \"seo_title\": \"1.6 dCi\", \"go_live_at\": null, \"show_in_menus\": false, \"pk\": 29, \"first_published_at\": \"2017-04-08T06:32:11.442Z\", \"path\": \"0001000100030001000300020002\", \"slug\": \"16-dci\", \"locked\": false, \"expire_at\": null, \"content_type\": 28, \"owner\": 1, \"url_path\": \"/home/vasita/otomobil/renault/fluence/16-dci/\", \"intro\": \"\", \"expired\": false, \"has_unpublished_changes\": true, \"title\": \"1.6 dCi\", \"live\": false}",
        "approved_go_live_at": null
    }
},
{
    "model": "wagtailcore.pagerevision",
    "pk": 50,
    "fields": {
        "page": 24,
        "submitted_for_moderation": false,
        "created_at": "2017-04-08T15:38:17.602Z",
        "user": 1,
        "content_json": "{\"latest_revision_created_at\": \"2017-04-07T20:29:23.784Z\", \"depth\": 8, \"numchild\": 0, \"search_description\": \"\", \"seo_title\": \"Joy\", \"go_live_at\": null, \"show_in_menus\": true, \"pk\": 24, \"first_published_at\": \"2017-04-07T20:29:23.838Z\", \"path\": \"00010001000300010003000200010001\", \"slug\": \"joy\", \"locked\": false, \"expire_at\": null, \"content_type\": 28, \"owner\": 1, \"url_path\": \"/home/vasita/otomobil/renault/fluence/15-dci/joy/\", \"intro\": \"<p>Joy</p>\", \"expired\": false, \"has_unpublished_changes\": true, \"title\": \"Joy\", \"live\": false}",
        "approved_go_live_at": null
    }
},
{
    "model": "wagtailcore.pagerevision",
    "pk": 51,
    "fields": {
        "page": 25,
        "submitted_for_moderation": false,
        "created_at": "2017-04-08T15:38:29.812Z",
        "user": 1,
        "content_json": "{\"latest_revision_created_at\": \"2017-04-08T15:09:49.760Z\", \"depth\": 8, \"numchild\": 2, \"search_description\": \"\", \"seo_title\": \"Privilege\", \"go_live_at\": null, \"show_in_menus\": true, \"pk\": 25, \"first_published_at\": \"2017-04-07T20:30:10.965Z\", \"path\": \"00010001000300010003000200010002\", \"slug\": \"privilege\", \"locked\": false, \"expire_at\": null, \"content_type\": 28, \"owner\": 1, \"url_path\": \"/home/vasita/otomobil/renault/fluence/15-dci/privilege/\", \"intro\": \"\", \"expired\": false, \"has_unpublished_changes\": true, \"title\": \"Privilege\", \"live\": false}",
        "approved_go_live_at": null
    }
},
{
    "model": "wagtailcore.pagerevision",
    "pk": 52,
    "fields": {
        "page": 29,
        "submitted_for_moderation": false,
        "created_at": "2017-04-08T17:05:13.790Z",
        "user": 1,
        "content_json": "{\"intro\": \"\", \"content_type\": 28, \"live\": true, \"latest_revision_created_at\": \"2017-04-08T15:37:55.408Z\", \"show_in_menus\": false, \"expired\": false, \"title\": \"1.6 dCi\", \"search_description\": \"\", \"path\": \"0001000100030001000300020002\", \"slug\": \"16-dci\", \"depth\": 7, \"expire_at\": null, \"numchild\": 1, \"url_path\": \"/home/vasita/otomobil/renault/fluence/16-dci/\", \"has_unpublished_changes\": false, \"go_live_at\": null, \"first_published_at\": \"2017-04-08T06:32:11.442Z\", \"seo_title\": \"1.6 dCi\", \"owner\": 1, \"locked\": false, \"pk\": 29}",
        "approved_go_live_at": null
    }
},
{
    "model": "wagtailcore.pagerevision",
    "pk": 53,
    "fields": {
        "page": 34,
        "submitted_for_moderation": false,
        "created_at": "2017-04-13T19:37:01.929Z",
        "user": 1,
        "content_json": "{\"title\": \"Vas\\u0131ta\", \"url_path\": \"/vasita/\", \"content_type\": 28, \"numchild\": 0, \"locked\": false, \"path\": \"00010002\", \"expired\": false, \"search_description\": \"\", \"seo_title\": \"\", \"slug\": \"vasita\", \"latest_revision_created_at\": null, \"live\": true, \"depth\": 2, \"show_in_menus\": false, \"owner\": 1, \"expire_at\": null, \"go_live_at\": null, \"intro\": \"\", \"has_unpublished_changes\": false, \"pk\": 34, \"first_published_at\": null}",
        "approved_go_live_at": null
    }
},
{
    "model": "wagtailcore.pagerevision",
    "pk": 54,
    "fields": {
        "page": 35,
        "submitted_for_moderation": false,
        "created_at": "2017-04-13T19:38:02.339Z",
        "user": 1,
        "content_json": "{\"title\": \"Otomobil\", \"url_path\": \"/vasita/otomobil/\", \"content_type\": 28, \"numchild\": 0, \"locked\": false, \"path\": \"000100020001\", \"expired\": false, \"search_description\": \"\", \"seo_title\": \"\", \"slug\": \"otomobil\", \"latest_revision_created_at\": null, \"live\": true, \"depth\": 3, \"show_in_menus\": false, \"owner\": 1, \"expire_at\": null, \"go_live_at\": null, \"intro\": \"\", \"has_unpublished_changes\": false, \"pk\": 35, \"first_published_at\": null}",
        "approved_go_live_at": null
    }
},
{
    "model": "wagtailcore.page",
    "pk": 1,
    "fields": {
        "path": "0001",
        "depth": 1,
        "numchild": 2,
        "title": "Root",
        "slug": "root",
        "content_type": 1,
        "live": true,
        "has_unpublished_changes": false,
        "url_path": "/",
        "owner": null,
        "seo_title": "",
        "show_in_menus": false,
        "search_description": "",
        "go_live_at": null,
        "expire_at": null,
        "expired": false,
        "locked": false,
        "first_published_at": null,
        "latest_revision_created_at": null
    }
},
{
    "model": "wagtailcore.page",
    "pk": 3,
    "fields": {
        "path": "00010001",
        "depth": 2,
        "numchild": 3,
        "title": "Homepage",
        "slug": "home",
        "content_type": 2,
        "live": true,
        "has_unpublished_changes": false,
        "url_path": "/home/",
        "owner": null,
        "seo_title": "",
        "show_in_menus": false,
        "search_description": "",
        "go_live_at": null,
        "expire_at": null,
        "expired": false,
        "locked": false,
        "first_published_at": "2017-03-16T07:37:03.716Z",
        "latest_revision_created_at": "2017-03-16T07:37:03.345Z"
    }
},
{
    "model": "wagtailcore.page",
    "pk": 4,
    "fields": {
        "path": "000100010002",
        "depth": 3,
        "numchild": 3,
        "title": "Blog Index Page",
        "slug": "blog-index-page",
        "content_type": 28,
        "live": true,
        "has_unpublished_changes": false,
        "url_path": "/home/blog-index-page/",
        "owner": 1,
        "seo_title": "",
        "show_in_menus": false,
        "search_description": "",
        "go_live_at": null,
        "expire_at": null,
        "expired": false,
        "locked": false,
        "first_published_at": "2017-03-16T07:49:59.889Z",
        "latest_revision_created_at": "2017-03-16T07:49:59.407Z"
    }
},
{
    "model": "wagtailcore.page",
    "pk": 5,
    "fields": {
        "path": "0001000100020001",
        "depth": 4,
        "numchild": 0,
        "title": "First Post",
        "slug": "first-post",
        "content_type": 29,
        "live": true,
        "has_unpublished_changes": false,
        "url_path": "/home/blog-index-page/first-post/",
        "owner": 1,
        "seo_title": "",
        "show_in_menus": false,
        "search_description": "",
        "go_live_at": null,
        "expire_at": null,
        "expired": false,
        "locked": false,
        "first_published_at": "2017-03-16T08:03:45.762Z",
        "latest_revision_created_at": "2017-03-16T12:21:51.878Z"
    }
},
{
    "model": "wagtailcore.page",
    "pk": 6,
    "fields": {
        "path": "0001000100020002",
        "depth": 4,
        "numchild": 0,
        "title": "Second Post",
        "slug": "second-post",
        "content_type": 29,
        "live": true,
        "has_unpublished_changes": false,
        "url_path": "/home/blog-index-page/second-post/",
        "owner": 1,
        "seo_title": "",
        "show_in_menus": false,
        "search_description": "",
        "go_live_at": null,
        "expire_at": null,
        "expired": false,
        "locked": false,
        "first_published_at": "2017-03-16T08:50:54.287Z",
        "latest_revision_created_at": "2017-03-16T12:23:40.215Z"
    }
},
{
    "model": "wagtailcore.page",
    "pk": 7,
    "fields": {
        "path": "000100010003",
        "depth": 3,
        "numchild": 0,
        "title": "Blog Tag Index Page",
        "slug": "tags",
        "content_type": 32,
        "live": true,
        "has_unpublished_changes": false,
        "url_path": "/home/tags/",
        "owner": 1,
        "seo_title": "",
        "show_in_menus": false,
        "search_description": "",
        "go_live_at": null,
        "expire_at": null,
        "expired": false,
        "locked": false,
        "first_published_at": "2017-03-16T11:15:17.557Z",
        "latest_revision_created_at": "2017-03-16T11:42:59.907Z"
    }
},
{
    "model": "wagtailcore.page",
    "pk": 8,
    "fields": {
        "path": "0001000100020003",
        "depth": 4,
        "numchild": 0,
        "title": "Third Post",
        "slug": "third-post",
        "content_type": 29,
        "live": true,
        "has_unpublished_changes": false,
        "url_path": "/home/blog-index-page/third-post/",
        "owner": 1,
        "seo_title": "",
        "show_in_menus": true,
        "search_description": "",
        "go_live_at": null,
        "expire_at": null,
        "expired": false,
        "locked": false,
        "first_published_at": "2017-03-16T11:20:35.064Z",
        "latest_revision_created_at": "2017-03-16T11:20:34.751Z"
    }
},
{
    "model": "wagtailcore.page",
    "pk": 10,
    "fields": {
        "path": "000100010004",
        "depth": 3,
        "numchild": 4,
        "title": "Vas\u0131ta",
        "slug": "vasita",
        "content_type": 28,
        "live": true,
        "has_unpublished_changes": false,
        "url_path": "/home/vasita/",
        "owner": 1,
        "seo_title": "Vas\u0131ta",
        "show_in_menus": true,
        "search_description": "",
        "go_live_at": null,
        "expire_at": null,
        "expired": false,
        "locked": false,
        "first_published_at": "2017-04-07T20:04:47.312Z",
        "latest_revision_created_at": "2017-04-07T20:04:47.237Z"
    }
},
{
    "model": "wagtailcore.page",
    "pk": 11,
    "fields": {
        "path": "0001000100040002",
        "depth": 4,
        "numchild": 4,
        "title": "Otomobil",
        "slug": "otomobil",
        "content_type": 28,
        "live": true,
        "has_unpublished_changes": false,
        "url_path": "/home/vasita/otomobil/",
        "owner": 1,
        "seo_title": "",
        "show_in_menus": false,
        "search_description": "",
        "go_live_at": null,
        "expire_at": null,
        "expired": false,
        "locked": false,
        "first_published_at": "2017-04-07T20:09:34.584Z",
        "latest_revision_created_at": "2017-04-07T20:09:34.529Z"
    }
},
{
    "model": "wagtailcore.page",
    "pk": 12,
    "fields": {
        "path": "0001000100040003",
        "depth": 4,
        "numchild": 0,
        "title": "Arazi, SUV & Pick-up",
        "slug": "arazi-suv-pick-up",
        "content_type": 28,
        "live": true,
        "has_unpublished_changes": false,
        "url_path": "/home/vasita/arazi-suv-pick-up/",
        "owner": 1,
        "seo_title": "Arazi, SUV & Pick-up",
        "show_in_menus": true,
        "search_description": "",
        "go_live_at": null,
        "expire_at": null,
        "expired": false,
        "locked": false,
        "first_published_at": "2017-04-07T20:12:08.936Z",
        "latest_revision_created_at": "2017-04-07T20:15:06.960Z"
    }
},
{
    "model": "wagtailcore.page",
    "pk": 13,
    "fields": {
        "path": "0001000100040004",
        "depth": 4,
        "numchild": 0,
        "title": "Motosiklet",
        "slug": "motosiklet",
        "content_type": 28,
        "live": true,
        "has_unpublished_changes": false,
        "url_path": "/home/vasita/motosiklet/",
        "owner": 1,
        "seo_title": "Motosiklet",
        "show_in_menus": true,
        "search_description": "",
        "go_live_at": null,
        "expire_at": null,
        "expired": false,
        "locked": false,
        "first_published_at": "2017-04-07T20:12:53.994Z",
        "latest_revision_created_at": "2017-04-07T20:14:51.568Z"
    }
},
{
    "model": "wagtailcore.page",
    "pk": 14,
    "fields": {
        "path": "0001000100040005",
        "depth": 4,
        "numchild": 0,
        "title": "Minivan & Panelvan",
        "slug": "minivan-panelvan",
        "content_type": 28,
        "live": true,
        "has_unpublished_changes": false,
        "url_path": "/home/vasita/minivan-panelvan/",
        "owner": 1,
        "seo_title": "Minivan & Panelvan",
        "show_in_menus": true,
        "search_description": "",
        "go_live_at": null,
        "expire_at": null,
        "expired": false,
        "locked": false,
        "first_published_at": "2017-04-07T20:13:34.253Z",
        "latest_revision_created_at": "2017-04-07T20:20:41.739Z"
    }
},
{
    "model": "wagtailcore.page",
    "pk": 15,
    "fields": {
        "path": "00010001000400020002",
        "depth": 5,
        "numchild": 0,
        "title": "Alfa Romeo",
        "slug": "alfa-romeo",
        "content_type": 28,
        "live": true,
        "has_unpublished_changes": false,
        "url_path": "/home/vasita/otomobil/alfa-romeo/",
        "owner": 1,
        "seo_title": "",
        "show_in_menus": false,
        "search_description": "",
        "go_live_at": null,
        "expire_at": null,
        "expired": false,
        "locked": false,
        "first_published_at": "2017-04-07T20:16:10.764Z",
        "latest_revision_created_at": "2017-04-07T20:16:10.710Z"
    }
},
{
    "model": "wagtailcore.page",
    "pk": 16,
    "fields": {
        "path": "00010001000400020003",
        "depth": 5,
        "numchild": 0,
        "title": "Mercedes - Benz",
        "slug": "mercedes-benz",
        "content_type": 28,
        "live": true,
        "has_unpublished_changes": false,
        "url_path": "/home/vasita/otomobil/mercedes-benz/",
        "owner": 1,
        "seo_title": "Mercedes - Benz",
        "show_in_menus": true,
        "search_description": "",
        "go_live_at": null,
        "expire_at": null,
        "expired": false,
        "locked": false,
        "first_published_at": "2017-04-07T20:17:15.706Z",
        "latest_revision_created_at": "2017-04-07T20:17:15.658Z"
    }
},
{
    "model": "wagtailcore.page",
    "pk": 17,
    "fields": {
        "path": "00010001000400020004",
        "depth": 5,
        "numchild": 2,
        "title": "Renault",
        "slug": "renault",
        "content_type": 28,
        "live": true,
        "has_unpublished_changes": false,
        "url_path": "/home/vasita/otomobil/renault/",
        "owner": 1,
        "seo_title": "Renault",
        "show_in_menus": true,
        "search_description": "",
        "go_live_at": null,
        "expire_at": null,
        "expired": false,
        "locked": false,
        "first_published_at": "2017-04-07T20:17:50.460Z",
        "latest_revision_created_at": "2017-04-07T20:17:50.411Z"
    }
},
{
    "model": "wagtailcore.page",
    "pk": 18,
    "fields": {
        "path": "000100010004000200040001",
        "depth": 6,
        "numchild": 1,
        "title": "Clio",
        "slug": "clio",
        "content_type": 28,
        "live": true,
        "has_unpublished_changes": false,
        "url_path": "/home/vasita/otomobil/renault/clio/",
        "owner": 1,
        "seo_title": "Clio",
        "show_in_menus": true,
        "search_description": "",
        "go_live_at": null,
        "expire_at": null,
        "expired": false,
        "locked": false,
        "first_published_at": "2017-04-07T20:23:00.382Z",
        "latest_revision_created_at": "2017-04-07T20:23:00.329Z"
    }
},
{
    "model": "wagtailcore.page",
    "pk": 19,
    "fields": {
        "path": "000100010004000200040002",
        "depth": 6,
        "numchild": 2,
        "title": "Fluence",
        "slug": "fluence",
        "content_type": 28,
        "live": true,
        "has_unpublished_changes": false,
        "url_path": "/home/vasita/otomobil/renault/fluence/",
        "owner": 1,
        "seo_title": "Fluence",
        "show_in_menus": true,
        "search_description": "",
        "go_live_at": null,
        "expire_at": null,
        "expired": false,
        "locked": false,
        "first_published_at": "2017-04-07T20:24:13.452Z",
        "latest_revision_created_at": "2017-04-07T20:24:13.397Z"
    }
},
{
    "model": "wagtailcore.page",
    "pk": 20,
    "fields": {
        "path": "0001000100040002000400010001",
        "depth": 7,
        "numchild": 2,
        "title": "1.5 dCi",
        "slug": "15-dci",
        "content_type": 28,
        "live": true,
        "has_unpublished_changes": false,
        "url_path": "/home/vasita/otomobil/renault/clio/15-dci/",
        "owner": 1,
        "seo_title": "1.5 dCi",
        "show_in_menus": true,
        "search_description": "",
        "go_live_at": null,
        "expire_at": null,
        "expired": false,
        "locked": false,
        "first_published_at": "2017-04-07T20:25:14.083Z",
        "latest_revision_created_at": "2017-04-07T20:25:14.032Z"
    }
},
{
    "model": "wagtailcore.page",
    "pk": 21,
    "fields": {
        "path": "0001000100040002000400020001",
        "depth": 7,
        "numchild": 2,
        "title": "1.5 dCi",
        "slug": "15-dci",
        "content_type": 28,
        "live": true,
        "has_unpublished_changes": false,
        "url_path": "/home/vasita/otomobil/renault/fluence/15-dci/",
        "owner": 1,
        "seo_title": "",
        "show_in_menus": false,
        "search_description": "",
        "go_live_at": null,
        "expire_at": null,
        "expired": false,
        "locked": false,
        "first_published_at": "2017-04-07T20:26:32.109Z",
        "latest_revision_created_at": "2017-04-08T15:37:39.405Z"
    }
},
{
    "model": "wagtailcore.page",
    "pk": 22,
    "fields": {
        "path": "00010001000400020004000100010001",
        "depth": 8,
        "numchild": 1,
        "title": "Alize",
        "slug": "alize",
        "content_type": 28,
        "live": true,
        "has_unpublished_changes": false,
        "url_path": "/home/vasita/otomobil/renault/clio/15-dci/alize/",
        "owner": 1,
        "seo_title": "Alize",
        "show_in_menus": true,
        "search_description": "",
        "go_live_at": null,
        "expire_at": null,
        "expired": false,
        "locked": false,
        "first_published_at": "2017-04-07T20:27:20.436Z",
        "latest_revision_created_at": "2017-04-07T20:27:20.388Z"
    }
},
{
    "model": "wagtailcore.page",
    "pk": 23,
    "fields": {
        "path": "00010001000400020004000100010002",
        "depth": 8,
        "numchild": 0,
        "title": "Authentique",
        "slug": "authentique",
        "content_type": 28,
        "live": true,
        "has_unpublished_changes": false,
        "url_path": "/home/vasita/otomobil/renault/clio/15-dci/authentique/",
        "owner": 1,
        "seo_title": "Authentique",
        "show_in_menus": true,
        "search_description": "",
        "go_live_at": null,
        "expire_at": null,
        "expired": false,
        "locked": false,
        "first_published_at": "2017-04-07T20:28:29.015Z",
        "latest_revision_created_at": "2017-04-07T20:28:28.961Z"
    }
},
{
    "model": "wagtailcore.page",
    "pk": 24,
    "fields": {
        "path": "00010001000400020004000200010001",
        "depth": 8,
        "numchild": 0,
        "title": "Joy",
        "slug": "joy",
        "content_type": 28,
        "live": true,
        "has_unpublished_changes": false,
        "url_path": "/home/vasita/otomobil/renault/fluence/15-dci/joy/",
        "owner": 1,
        "seo_title": "Joy",
        "show_in_menus": true,
        "search_description": "",
        "go_live_at": null,
        "expire_at": null,
        "expired": false,
        "locked": false,
        "first_published_at": "2017-04-07T20:29:23.838Z",
        "latest_revision_created_at": "2017-04-08T15:38:17.602Z"
    }
},
{
    "model": "wagtailcore.page",
    "pk": 25,
    "fields": {
        "path": "00010001000400020004000200010002",
        "depth": 8,
        "numchild": 2,
        "title": "Privilege",
        "slug": "privilege",
        "content_type": 28,
        "live": true,
        "has_unpublished_changes": false,
        "url_path": "/home/vasita/otomobil/renault/fluence/15-dci/privilege/",
        "owner": 1,
        "seo_title": "Privilege",
        "show_in_menus": true,
        "search_description": "",
        "go_live_at": null,
        "expire_at": null,
        "expired": false,
        "locked": false,
        "first_published_at": "2017-04-07T20:30:10.965Z",
        "latest_revision_created_at": "2017-04-08T15:38:29.812Z"
    }
},
{
    "model": "wagtailcore.page",
    "pk": 26,
    "fields": {
        "path": "000100010004000200040002000100020001",
        "depth": 9,
        "numchild": 0,
        "title": "FULL + FULL FLUENCE NAV\u0130GASYON + SUNRUF + DER\u0130 D\u00d6\u015eEME",
        "slug": "full-full-fluence-navigasyon-sunruf-deri-",
        "content_type": 29,
        "live": true,
        "has_unpublished_changes": false,
        "url_path": "/home/vasita/otomobil/renault/fluence/15-dci/privilege/full-full-fluence-navigasyon-sunruf-deri-/",
        "owner": 1,
        "seo_title": "FULL + FULL FLUENCE NAV\u0130GASYON + SUNRUF + DER\u0130 D\u00d6\u015eEME",
        "show_in_menus": true,
        "search_description": "",
        "go_live_at": null,
        "expire_at": null,
        "expired": false,
        "locked": false,
        "first_published_at": "2017-04-07T20:35:01.229Z",
        "latest_revision_created_at": "2017-04-07T20:35:01.165Z"
    }
},
{
    "model": "wagtailcore.page",
    "pk": 27,
    "fields": {
        "path": "000100010004000200040002000100020002",
        "depth": 9,
        "numchild": 0,
        "title": "KAREN RENAULT'DAN 2011 MODEL FLUENCE 1.5 PR\u0130V\u0130LEGE DC\u0130",
        "slug": "karen-renaultdan-2011-model-fluence-15-privilege-dci",
        "content_type": 29,
        "live": true,
        "has_unpublished_changes": false,
        "url_path": "/home/vasita/otomobil/renault/fluence/15-dci/privilege/karen-renaultdan-2011-model-fluence-15-privilege-dci/",
        "owner": 1,
        "seo_title": "KAREN RENAULT'DAN 2011 MODEL FLUENCE 1.5 PR\u0130V\u0130LEGE DC\u0130",
        "show_in_menus": true,
        "search_description": "",
        "go_live_at": null,
        "expire_at": null,
        "expired": false,
        "locked": false,
        "first_published_at": "2017-04-08T05:33:25.183Z",
        "latest_revision_created_at": "2017-04-08T05:33:25.111Z"
    }
},
{
    "model": "wagtailcore.page",
    "pk": 28,
    "fields": {
        "path": "000100010004000200040001000100010001",
        "depth": 9,
        "numchild": 0,
        "title": "2011 MODEL D\u0130ZEL C\u0130LO SERV\u0130S BAKIMLI",
        "slug": "2011-model-dizel-cilo-servis-bakimli",
        "content_type": 29,
        "live": true,
        "has_unpublished_changes": false,
        "url_path": "/home/vasita/otomobil/renault/clio/15-dci/alize/2011-model-dizel-cilo-servis-bakimli/",
        "owner": 1,
        "seo_title": "2011 MODEL D\u0130ZEL C\u0130LO SERV\u0130S BAKIMLI",
        "show_in_menus": true,
        "search_description": "",
        "go_live_at": null,
        "expire_at": null,
        "expired": false,
        "locked": false,
        "first_published_at": "2017-04-08T05:36:20.916Z",
        "latest_revision_created_at": "2017-04-08T05:36:20.845Z"
    }
},
{
    "model": "wagtailcore.page",
    "pk": 29,
    "fields": {
        "path": "0001000100040002000400020002",
        "depth": 7,
        "numchild": 1,
        "title": "1.6 dCi",
        "slug": "16-dci",
        "content_type": 28,
        "live": true,
        "has_unpublished_changes": false,
        "url_path": "/home/vasita/otomobil/renault/fluence/16-dci/",
        "owner": 1,
        "seo_title": "1.6 dCi",
        "show_in_menus": false,
        "search_description": "",
        "go_live_at": null,
        "expire_at": null,
        "expired": false,
        "locked": false,
        "first_published_at": "2017-04-08T06:32:11.442Z",
        "latest_revision_created_at": "2017-04-08T17:05:13.790Z"
    }
},
{
    "model": "wagtailcore.page",
    "pk": 30,
    "fields": {
        "path": "00010001000400020004000200020001",
        "depth": 8,
        "numchild": 0,
        "title": "SUAT PLAZA'DAN 2013 FLUANCE1.6 130 Ps \u0130CON 6 \u0130LER\u0130 56.000",
        "slug": "suat-plazadan-2013-fluance16-130-ps-icon-6-ileri-56000",
        "content_type": 29,
        "live": true,
        "has_unpublished_changes": false,
        "url_path": "/home/vasita/otomobil/renault/fluence/16-dci/suat-plazadan-2013-fluance16-130-ps-icon-6-ileri-56000/",
        "owner": 1,
        "seo_title": "",
        "show_in_menus": false,
        "search_description": "",
        "go_live_at": null,
        "expire_at": null,
        "expired": false,
        "locked": false,
        "first_published_at": "2017-04-08T06:34:06.043Z",
        "latest_revision_created_at": "2017-04-08T06:34:05.980Z"
    }
},
{
    "model": "wagtailcore.page",
    "pk": 33,
    "fields": {
        "path": "00010001000400020001",
        "depth": 5,
        "numchild": 0,
        "title": "Chevrolet",
        "slug": "chevrolet",
        "content_type": 28,
        "live": true,
        "has_unpublished_changes": false,
        "url_path": "/home/vasita/otomobil/chevrolet/",
        "owner": null,
        "seo_title": "Chevrolet",
        "show_in_menus": true,
        "search_description": "Chevrolet",
        "go_live_at": null,
        "expire_at": null,
        "expired": false,
        "locked": false,
        "first_published_at": null,
        "latest_revision_created_at": null
    }
},
{
    "model": "wagtailcore.page",
    "pk": 34,
    "fields": {
        "path": "00010002",
        "depth": 2,
        "numchild": 1,
        "title": "Vas\u0131ta",
        "slug": "vasita",
        "content_type": 28,
        "live": true,
        "has_unpublished_changes": false,
        "url_path": "/vasita/",
        "owner": 1,
        "seo_title": "",
        "show_in_menus": false,
        "search_description": "",
        "go_live_at": null,
        "expire_at": null,
        "expired": false,
        "locked": false,
        "first_published_at": "2017-04-13T19:37:01.986Z",
        "latest_revision_created_at": "2017-04-13T19:37:01.929Z"
    }
},
{
    "model": "wagtailcore.page",
    "pk": 35,
    "fields": {
        "path": "000100020001",
        "depth": 3,
        "numchild": 0,
        "title": "Otomobil",
        "slug": "otomobil",
        "content_type": 28,
        "live": true,
        "has_unpublished_changes": false,
        "url_path": "/vasita/otomobil/",
        "owner": 1,
        "seo_title": "",
        "show_in_menus": false,
        "search_description": "",
        "go_live_at": null,
        "expire_at": null,
        "expired": false,
        "locked": false,
        "first_published_at": "2017-04-13T19:38:02.412Z",
        "latest_revision_created_at": "2017-04-13T19:38:02.339Z"
    }
},
{
    "model": "wagtailimages.image",
    "pk": 1,
    "fields": {
        "collection": 1,
        "title": "Desert",
        "file": "original_images/Desert.jpg",
        "width": 1024,
        "height": 768,
        "created_at": "2017-03-16T09:54:28.469Z",
        "uploaded_by_user": 1,
        "focal_point_x": null,
        "focal_point_y": null,
        "focal_point_width": null,
        "focal_point_height": null,
        "file_size": null
    }
},
{
    "model": "wagtailimages.image",
    "pk": 2,
    "fields": {
        "collection": 1,
        "title": "Lighthouse",
        "file": "original_images/Lighthouse.jpg",
        "width": 1024,
        "height": 768,
        "created_at": "2017-03-16T09:55:00.335Z",
        "uploaded_by_user": 1,
        "focal_point_x": null,
        "focal_point_y": null,
        "focal_point_width": null,
        "focal_point_height": null,
        "file_size": null
    }
},
{
    "model": "wagtailimages.image",
    "pk": 3,
    "fields": {
        "collection": 1,
        "title": "Penguins",
        "file": "original_images/Penguins.jpg",
        "width": 1024,
        "height": 768,
        "created_at": "2017-03-16T09:55:36.549Z",
        "uploaded_by_user": 1,
        "focal_point_x": null,
        "focal_point_y": null,
        "focal_point_width": null,
        "focal_point_height": null,
        "file_size": null
    }
},
{
    "model": "wagtailimages.image",
    "pk": 4,
    "fields": {
        "collection": 1,
        "title": "Jellyfish",
        "file": "original_images/Jellyfish.jpg",
        "width": 1024,
        "height": 768,
        "created_at": "2017-03-16T10:16:45.530Z",
        "uploaded_by_user": 1,
        "focal_point_x": null,
        "focal_point_y": null,
        "focal_point_width": null,
        "focal_point_height": null,
        "file_size": null
    }
},
{
    "model": "wagtailimages.image",
    "pk": 5,
    "fields": {
        "collection": 1,
        "title": "Koala",
        "file": "original_images/Koala.jpg",
        "width": 1024,
        "height": 768,
        "created_at": "2017-03-16T10:17:05.702Z",
        "uploaded_by_user": 1,
        "focal_point_x": null,
        "focal_point_y": null,
        "focal_point_width": null,
        "focal_point_height": null,
        "file_size": null
    }
},
{
    "model": "wagtailimages.image",
    "pk": 6,
    "fields": {
        "collection": 1,
        "title": "Tulips",
        "file": "original_images/Tulips.jpg",
        "width": 1024,
        "height": 768,
        "created_at": "2017-03-16T10:17:47.367Z",
        "uploaded_by_user": 1,
        "focal_point_x": null,
        "focal_point_y": null,
        "focal_point_width": null,
        "focal_point_height": null,
        "file_size": null
    }
},
{
    "model": "wagtailimages.image",
    "pk": 7,
    "fields": {
        "collection": 1,
        "title": "Krizantem",
        "file": "original_images/Chrysanthemum.jpg",
        "width": 1024,
        "height": 768,
        "created_at": "2017-03-16T12:19:42.911Z",
        "uploaded_by_user": 1,
        "focal_point_x": null,
        "focal_point_y": null,
        "focal_point_width": null,
        "focal_point_height": null,
        "file_size": null
    }
},
{
    "model": "blog.blogtagindexpage",
    "pk": 7,
    "fields": {}
},
{
    "model": "blog.blogpage",
    "pk": 5,
    "fields": {
        "date": "2017-03-16",
        "intro": "First Post Read",
        "body": "<p>Lorem ipsum dolor sit amet, consectetur adipiscing elit. Quisque tellus \nnunc, suscipit at porttitor et, vestibulum vel lacus. Suspendisse \npotenti. Vivamus sed viverra risus. Nam condimentum ligula at dui \nplacerat, tempor egestas risus efficitur. Curabitur non rhoncus erat, eu\n varius arcu. Donec imperdiet arcu blandit augue aliquet, tristique \naliquet diam laoreet. Nulla tincidunt maximus vulputate. Ut tristique \naccumsan lobortis. Lorem ipsum dolor sit amet, consectetur adipiscing \nelit. Class aptent taciti sociosqu ad litora torquent per conubia \nnostra, per inceptos himenaeos. Nullam scelerisque in lectus non congue.\n Praesent et mi neque.\n</p>",
        "categories": [
            1
        ]
    }
},
{
    "model": "blog.blogpage",
    "pk": 6,
    "fields": {
        "date": "2017-03-15",
        "intro": "Second Post Read",
        "body": "<p>Aliquam auctor quam nec consectetur gravida. Fusce in imperdiet ipsum, \nsed dictum mauris. Nulla velit ligula, mattis eget interdum ultricies, \nvenenatis at quam. Ut fermentum lacus at nisi pellentesque interdum. Sed\n vitae sodales mi. Curabitur facilisis sapien quis metus porta bibendum.\n Morbi ullamcorper accumsan varius. Proin ultrices, mi sit amet \nsollicitudin tempus, tellus nunc auctor libero, sit amet aliquam neque \nnisl ac ligula. Maecenas id ante non mi porttitor facilisis quis non \nturpis. Maecenas congue, massa eu dignissim accumsan, libero arcu \npharetra tortor, vitae varius eros dui nec lacus.\n</p>",
        "categories": [
            1,
            2
        ]
    }
},
{
    "model": "blog.blogpage",
    "pk": 8,
    "fields": {
        "date": "2017-03-16",
        "intro": "Third Post Read",
        "body": "<p>Ut convallis arcu mauris, vel varius nisl consequat at. Morbi eu nibh \ntempor nibh tempor mattis non vitae elit. Integer at vulputate massa. \nDonec vitae porttitor mauris, vitae interdum metus. Nam a ultricies \nnunc. Nam lorem mi, facilisis nec sem vitae, imperdiet cursus dui. \nQuisque est tortor, rutrum quis nisl ut, hendrerit posuere sem.\n</p>",
        "categories": []
    }
},
{
    "model": "blog.blogpage",
    "pk": 26,
    "fields": {
        "date": "2017-04-07",
        "intro": "FULL + FULL FLUENCE NAV\u0130GASYON + SUNRUF + DER\u0130 D\u00d6\u015eEME",
        "body": "<p>FULL + FULL FLUENCE NAV\u0130GASYON + SUNRUF + DER\u0130 D\u00d6\u015eEME</p>",
        "categories": []
    }
},
{
    "model": "blog.blogpage",
    "pk": 27,
    "fields": {
        "date": "2017-04-08",
        "intro": "KAREN RENAULT'DAN 2011 MODEL FLUENCE 1.5 PR\u0130V\u0130LEGE DC",
        "body": "<p>Ara\u00e7 gayet diri ve temizdir.  Hasar kayd\u0131 yoktur. Ara\u00e7ta ufak bir kaza \nsonucu tampon de\u011fi\u015fmi\u015ftir. 16.01.2019 tarihine kadar muayenesi vard\u0131r.</p>",
        "categories": []
    }
},
{
    "model": "blog.blogpage",
    "pk": 28,
    "fields": {
        "date": "2017-04-08",
        "intro": "2011 MODEL D\u0130ZEL C\u0130LO SERV\u0130S BAKIMLI",
        "body": "ARA\u00c7 MASRAFSIZDIR SERV\u0130S BAKIMLIDIR\u00a0<br/>5 par\u00e7a boyal\u0131\u00a0<br/><p>TRAMERDE par\u00e7a par\u00e7a 8 bin\u00a0tl\u00a0hasar kayd\u0131 vard\u0131r </p><p></p>",
        "categories": []
    }
},
{
    "model": "blog.blogpage",
    "pk": 30,
    "fields": {
        "date": "2017-04-08",
        "intro": "SUAT PLAZA'DAN 2013 FLUANCE1.6 130 Ps \u0130CON 6 \u0130LER\u0130 56.000",
        "body": "<p><b><i>\u00a0F\u0130RMAMIZ\n S\u0130ZE G\u00dcVENL\u0130 VE HIZLI SATI\u015e \u0130MKANI SUNMAKTADIR. SUAT AUTO'DA BULUNAN \nT\u00dcM ARA\u00c7LAR 103 NOKTA EKSPERT\u0130Z GARANT\u0130S\u0130NDED\u0130R PROFESYONEL KADROMUZLA \nVE T\u00dcM A\u00c7IKLI\u011eIMIZLA M\u00dc\u015eTER\u0130LER\u0130M\u0130ZE H\u0130ZMET VERMEKTEN MUTLULUK DUYARIZ.</i></b></p>",
        "categories": []
    }
},
{
    "model": "blog.blogindexpage",
    "pk": 4,
    "fields": {
        "intro": "<p><b>Welcome</b> to Blog Index Page<br/></p>"
    }
},
{
    "model": "blog.blogindexpage",
    "pk": 10,
    "fields": {
        "intro": "<p>Vas\u0131talar</p>"
    }
},
{
    "model": "blog.blogindexpage",
    "pk": 11,
    "fields": {
        "intro": "<p>Otomobil</p>"
    }
},
{
    "model": "blog.blogindexpage",
    "pk": 12,
    "fields": {
        "intro": "<p>Arazi, SUV &amp; Pick-up</p>"
    }
},
{
    "model": "blog.blogindexpage",
    "pk": 13,
    "fields": {
        "intro": "<p>Motosiklet<br/></p>"
    }
},
{
    "model": "blog.blogindexpage",
    "pk": 14,
    "fields": {
        "intro": "<p>Minivan &amp; Panelvan</p>"
    }
},
{
    "model": "blog.blogindexpage",
    "pk": 15,
    "fields": {
        "intro": "<p>Alfa Romeo</p>"
    }
},
{
    "model": "blog.blogindexpage",
    "pk": 16,
    "fields": {
        "intro": "<p>Mercedes - Benz</p>"
    }
},
{
    "model": "blog.blogindexpage",
    "pk": 17,
    "fields": {
        "intro": "<p>Renault</p>"
    }
},
{
    "model": "blog.blogindexpage",
    "pk": 18,
    "fields": {
        "intro": "<p>Clio<br/></p>"
    }
},
{
    "model": "blog.blogindexpage",
    "pk": 19,
    "fields": {
        "intro": "<p>Fluence</p>"
    }
},
{
    "model": "blog.blogindexpage",
    "pk": 20,
    "fields": {
        "intro": "<p>1.5 dCi</p>"
    }
},
{
    "model": "blog.blogindexpage",
    "pk": 21,
    "fields": {
        "intro": "<p><br/></p>"
    }
},
{
    "model": "blog.blogindexpage",
    "pk": 22,
    "fields": {
        "intro": "<p>Alize</p>"
    }
},
{
    "model": "blog.blogindexpage",
    "pk": 23,
    "fields": {
        "intro": "<p>Authentique</p>"
    }
},
{
    "model": "blog.blogindexpage",
    "pk": 24,
    "fields": {
        "intro": "<p>Joy</p>"
    }
},
{
    "model": "blog.blogindexpage",
    "pk": 25,
    "fields": {
        "intro": ""
    }
},
{
    "model": "blog.blogindexpage",
    "pk": 29,
    "fields": {
        "intro": ""
    }
},
{
    "model": "blog.blogindexpage",
    "pk": 34,
    "fields": {
        "intro": ""
    }
},
{
    "model": "blog.blogindexpage",
    "pk": 35,
    "fields": {
        "intro": ""
    }
},
{
    "model": "home.homepage",
    "pk": 3,
    "fields": {
        "body": "<p><b>Welcome</b> to our new site!<b><br/></b></p>"
    }
}
]
